latitude,longitude,position,velocity,acceleration,timestamp
0.000000,0.000000,0.00,0.00,0.03,2025-07-11T15:27:38.188293
0.000000,0.000000,0.00,0.00,0.02,2025-07-11T15:27:38.705323
0.000000,0.000000,0.00,0.00,0.32,2025-07-11T15:27:39.150230
0.000000,0.000000,0.00,0.00,0.07,2025-07-11T15:27:39.644233
0.000000,0.000000,0.00,0.00,0.02,2025-07-11T15:27:40.143353
0.000000,0.000000,0.00,0.00,0.01,2025-07-11T15:27:40.647164
0.000000,0.000000,0.00,0.00,0.09,2025-07-11T15:27:41.158256
0.000000,0.000000,0.00,0.00,0.01,2025-07-11T15:28:14.854252
0.000000,0.000000,0.00,0.00,0.00,2025-07-11T15:28:15.361106
0.000000,0.000000,0.00,0.00,0.02,2025-07-11T15:28:15.871577
0.000000,0.000000,0.00,0.00,0.02,2025-07-11T15:28:16.317207
0.000000,0.000000,0.00,0.00,0.01,2025-07-11T15:28:16.817721
0.000000,0.000000,0.00,0.00,0.01,2025-07-11T15:28:17.324240
0.000000,0.000000,0.00,0.00,0.01,2025-07-11T15:28:17.817472
0.000000,0.000000,0.00,0.00,0.01,2025-07-11T15:28:18.329191
0.000000,0.000000,0.00,0.00,0.01,2025-07-11T15:28:18.841230
0.000000,0.000000,0.00,0.00,0.01,2025-07-11T15:28:19.358044
0.000000,0.000000,0.00,0.00,0.01,2025-07-11T15:28:19.870621
0.000000,0.000000,0.00,0.00,0.02,2025-07-11T15:28:20.377549
0.000000,0.000000,0.00,0.00,0.03,2025-07-11T15:28:20.833424
0.000000,0.000000,0.00,0.00,0.02,2025-07-11T15:28:21.326780
0.000000,0.000000,0.00,0.00,0.02,2025-07-11T15:28:21.828582
0.000000,0.000000,0.00,0.00,0.01,2025-07-11T15:28:22.332225
0.000000,0.000000,0.00,0.00,0.03,2025-07-11T15:29:12.506552
0.000000,0.000000,0.00,0.00,0.02,2025-07-11T15:29:12.940966
0.000000,0.000000,0.00,0.00,0.01,2025-07-11T15:29:13.445663
0.000000,0.000000,0.00,0.00,0.01,2025-07-11T15:29:13.945486
0.000000,0.000000,0.00,0.00,0.00,2025-07-11T15:29:14.437379
0.000000,0.000000,0.00,0.00,0.00,2025-07-11T15:29:14.946627
0.000000,0.000000,0.00,0.00,0.04,2025-07-11T15:29:15.457702
0.000000,0.000000,0.00,0.00,0.00,2025-07-11T15:29:15.979894
0.000000,0.000000,0.00,0.00,0.03,2025-07-11T15:29:16.485702
0.000000,0.000000,0.00,0.00,0.01,2025-07-11T15:29:17.009821
0.000000,0.000000,0.00,0.00,0.01,2025-07-11T15:29:17.511189
0.000000,0.000000,0.00,0.00,0.06,2025-07-11T15:29:18.036188
0.000000,0.000000,0.00,0.00,0.02,2025-07-11T15:29:18.543453
0.000000,0.000000,0.00,0.00,0.01,2025-07-11T15:29:18.978275
0.000000,0.000000,0.00,0.00,0.01,2025-07-11T15:29:19.488503
0.000000,0.000000,0.00,0.00,0.01,2025-07-11T15:29:19.994472
0.000000,0.000000,0.00,0.00,0.01,2025-07-11T15:29:20.493443
0.000000,0.000000,0.00,0.00,0.01,2025-07-11T15:29:21.010824
0.000000,0.000000,0.00,0.00,0.01,2025-07-11T15:29:21.511121
0.000000,0.000000,0.00,0.00,0.01,2025-07-11T15:29:22.032502
0.000000,0.000000,0.00,0.00,0.01,2025-07-11T15:29:22.534095
0.000000,0.000000,0.00,0.00,0.01,2025-07-11T15:29:23.036223
0.000000,0.000000,0.00,0.00,0.01,2025-07-11T15:29:23.558483
0.000000,0.000000,0.00,0.00,0.01,2025-07-11T15:29:24.067316
0.000000,0.000000,0.00,0.00,0.01,2025-07-11T15:29:24.585594
0.000000,0.000000,0.00,0.00,0.01,2025-07-11T15:29:25.090579
0.000000,0.000000,0.00,0.00,0.01,2025-07-11T15:29:25.605064
0.000000,0.000000,0.00,0.00,0.01,2025-07-11T15:29:26.042537
0.000000,0.000000,0.00,0.00,0.01,2025-07-11T15:29:26.533746
0.000000,0.000000,0.00,0.00,0.01,2025-07-11T15:29:27.057024
0.000000,0.000000,0.00,0.00,0.01,2025-07-11T15:29:27.542893
0.000000,0.000000,0.00,0.00,0.01,2025-07-11T15:29:28.049229
0.000000,0.000000,0.00,0.00,0.01,2025-07-11T15:29:28.566010
0.000000,0.000000,0.00,0.00,0.01,2025-07-11T15:29:29.085156
0.000000,0.000000,0.00,0.00,0.02,2025-07-11T15:29:29.601434
0.000000,0.000000,0.00,0.00,0.01,2025-07-11T15:29:30.106785
0.000000,0.000000,0.00,0.00,0.01,2025-07-11T15:29:30.620363
0.000000,0.000000,0.00,0.00,0.00,2025-07-11T15:29:31.129390
0.000000,0.000000,0.00,0.00,0.01,2025-07-11T15:29:31.637736
0.000000,0.000000,0.00,0.00,0.01,2025-07-11T15:29:32.161681
0.000000,0.000000,0.00,0.00,0.01,2025-07-11T15:29:32.669307
0.000000,0.000000,0.00,0.00,0.01,2025-07-11T15:29:33.176544
0.000000,0.000000,0.00,0.00,0.01,2025-07-11T15:29:33.629754
0.000000,0.000000,0.00,0.00,0.01,2025-07-11T15:29:34.144875
0.000000,0.000000,0.00,0.00,0.00,2025-07-11T15:29:34.636006
0.000000,0.000000,0.00,0.00,0.01,2025-07-11T15:29:35.148222
0.000000,0.000000,0.00,0.00,0.01,2025-07-11T15:29:35.651288
0.000000,0.000000,0.00,0.00,0.01,2025-07-11T15:29:36.159206
0.000000,0.000000,0.00,0.00,0.01,2025-07-11T15:29:36.672823
0.000000,0.000000,0.00,0.00,0.01,2025-07-11T15:29:37.181069
0.000000,0.000000,0.00,0.00,0.01,2025-07-11T15:29:37.698550
0.000000,0.000000,0.00,0.00,0.01,2025-07-11T15:29:38.190830
0.000000,0.000000,0.00,0.00,0.01,2025-07-11T15:29:38.706888
0.000000,0.000000,0.00,0.00,0.01,2025-07-11T15:29:39.225083
0.000000,0.000000,0.00,0.00,0.01,2025-07-11T15:29:39.743184
0.000000,0.000000,0.00,0.00,0.01,2025-07-11T15:29:40.259022
0.000000,0.000000,0.00,0.00,0.01,2025-07-11T15:29:40.687565
0.000000,0.000000,0.00,0.00,0.01,2025-07-11T15:29:41.185075
0.000000,0.000000,0.00,0.00,0.01,2025-07-11T15:29:41.683763
0.000000,0.000000,0.00,0.00,0.01,2025-07-11T15:29:42.188466
0.000000,0.000000,0.00,0.00,0.01,2025-07-11T15:29:42.699895
0.000000,0.000000,0.00,0.00,0.01,2025-07-11T15:29:43.216472
0.000000,0.000000,0.00,0.00,0.01,2025-07-11T15:29:43.725433
0.000000,0.000000,0.00,0.00,0.01,2025-07-11T15:29:44.247764
0.000000,0.000000,0.00,0.00,0.01,2025-07-11T15:29:44.755208
0.000000,0.000000,0.00,0.00,0.02,2025-07-11T15:29:45.196888
0.000000,0.000000,0.00,0.00,0.01,2025-07-11T15:29:45.691725
0.000000,0.000000,0.00,0.00,0.00,2025-07-11T15:29:46.203853
0.000000,0.000000,0.00,0.00,0.18,2025-07-11T15:29:46.707795
0.000000,0.000000,0.00,0.00,0.41,2025-07-11T15:29:47.215381
0.000000,0.000000,0.00,0.00,0.36,2025-07-11T15:29:47.722916
0.000000,0.000000,0.00,0.00,0.29,2025-07-11T15:29:48.248377
0.000000,0.000000,0.00,0.00,0.02,2025-07-11T15:29:55.948958
0.000000,0.000000,0.00,0.00,0.02,2025-07-11T15:29:56.446250
0.000000,0.000000,0.00,0.00,0.02,2025-07-11T15:29:56.939687
0.000000,0.000000,0.00,0.00,0.02,2025-07-11T15:29:57.448022
0.000000,0.000000,0.00,0.00,0.02,2025-07-11T15:29:57.960656
0.000000,0.000000,0.00,0.00,0.02,2025-07-11T15:29:58.472047
0.000000,0.000000,0.00,0.00,0.03,2025-07-11T15:29:58.991206
0.000000,0.000000,0.00,0.00,0.03,2025-07-11T15:29:59.505252
0.000000,0.000000,0.00,0.00,0.03,2025-07-11T15:30:00.011968
0.000000,0.000000,0.00,0.00,0.02,2025-07-11T15:30:00.455285
0.000000,0.000000,0.00,0.00,0.02,2025-07-11T15:30:00.963045
0.000000,0.000000,0.00,0.00,0.03,2025-07-11T15:30:01.553293
0.000000,0.000000,0.00,0.00,0.02,2025-07-11T15:30:01.956174
0.000000,0.000000,0.00,0.00,0.04,2025-07-11T15:30:02.479637
0.000000,0.000000,0.00,0.00,0.11,2025-07-11T15:30:02.987586
0.000000,0.000000,0.00,0.00,0.04,2025-07-11T15:30:03.490179
0.000000,0.000000,0.00,0.00,0.10,2025-07-11T15:30:04.012953
0.000000,0.000000,0.00,0.00,0.14,2025-07-11T15:30:04.522060
0.000000,0.000000,0.00,0.00,0.19,2025-07-11T15:30:05.029918
0.000000,0.000000,0.00,0.00,0.19,2025-07-11T15:30:05.542322
0.000000,0.000000,0.00,0.00,0.09,2025-07-11T15:30:06.053158
0.000000,0.000000,0.00,0.00,0.08,2025-07-11T15:30:06.564003
0.000000,0.000000,0.00,0.00,0.15,2025-07-11T15:30:07.069176
0.000000,0.000000,0.00,0.00,0.14,2025-07-11T15:30:07.586851
0.000000,0.000000,0.00,0.00,0.36,2025-07-11T15:30:08.100939
0.000000,0.000000,0.00,0.00,0.06,2025-07-11T15:30:08.608555
0.000000,0.000000,0.00,0.00,0.20,2025-07-11T15:30:09.044967
0.000000,0.000000,0.00,0.00,0.22,2025-07-11T15:30:09.631685
0.000000,0.000000,0.00,0.00,0.28,2025-07-11T15:30:10.060734
0.000000,0.000000,0.00,0.00,0.10,2025-07-11T15:30:10.560514
0.000000,0.000000,0.00,0.00,0.19,2025-07-11T15:30:15.165147
0.000000,0.000000,0.00,0.00,0.28,2025-07-11T15:30:15.678310
0.000000,0.000000,0.00,0.00,0.08,2025-07-11T15:30:16.114982
0.000000,0.000000,0.00,0.00,0.18,2025-07-11T15:30:16.623734
0.000000,0.000000,0.00,0.00,0.04,2025-07-11T15:30:17.115292
0.000000,0.000000,0.00,0.00,0.13,2025-07-11T15:30:17.726705
0.000000,0.000000,0.00,0.00,0.18,2025-07-11T15:30:18.133342
0.000000,0.000000,0.00,0.00,0.08,2025-07-11T15:30:18.638581
0.000000,0.000000,0.00,0.00,0.14,2025-07-11T15:30:19.154897
0.000000,0.000000,0.00,0.00,0.18,2025-07-11T15:30:19.663848
0.000000,0.000000,0.00,0.00,0.05,2025-07-11T15:30:20.182624
0.000000,0.000000,0.00,0.00,0.08,2025-07-11T15:30:20.685955
0.000000,0.000000,0.00,0.00,0.18,2025-07-11T15:30:21.207323
0.000000,0.000000,0.00,0.00,0.13,2025-07-11T15:30:21.734456
0.000000,0.000000,0.00,0.00,0.17,2025-07-11T15:30:22.242188
0.000000,0.000000,0.00,0.00,0.07,2025-07-11T15:30:22.742120
0.000000,0.000000,0.00,0.00,0.13,2025-07-11T15:30:23.187423
0.000000,0.000000,0.00,0.00,0.11,2025-07-11T15:30:23.702383
0.000000,0.000000,0.00,0.00,0.14,2025-07-11T15:30:24.197823
0.000000,0.000000,0.00,0.00,0.21,2025-07-11T15:30:24.708948
0.000000,0.000000,0.00,0.00,0.36,2025-07-11T15:30:25.220094
0.000000,0.000000,0.00,0.00,0.44,2025-07-11T15:30:25.720821
0.000000,0.000000,0.00,0.00,0.32,2025-07-11T15:30:26.225971
0.000000,0.000000,0.00,0.00,0.27,2025-07-11T15:30:26.748054
0.000000,0.000000,0.00,0.00,0.55,2025-07-11T15:30:27.252717
0.000000,0.000000,0.00,0.00,0.22,2025-07-11T15:30:27.759241
0.000000,0.000000,0.00,0.00,0.33,2025-07-11T15:30:28.274126
0.000000,0.000000,0.00,0.00,0.31,2025-07-11T15:30:28.787906
0.000000,0.000000,0.00,0.00,0.45,2025-07-11T15:30:29.299541
0.000000,0.000000,0.00,0.00,0.07,2025-07-11T15:30:29.807861
0.000000,0.000000,0.00,0.00,0.06,2025-07-11T15:30:30.319742
0.000000,0.000000,0.00,0.00,0.13,2025-07-11T15:30:30.838511
0.000000,0.000000,0.00,0.00,0.21,2025-07-11T15:30:31.347551
0.000000,0.000000,0.00,0.00,0.36,2025-07-11T15:30:31.785137
0.000000,0.000000,0.00,0.00,0.34,2025-07-11T15:30:32.299522
0.000000,0.000000,0.00,0.00,0.08,2025-07-11T15:30:32.799440
0.000000,0.000000,0.00,0.00,0.07,2025-07-11T15:30:33.307254
0.000000,0.000000,0.00,0.00,0.04,2025-07-11T15:30:33.832285
0.000000,0.000000,0.00,0.00,0.04,2025-07-11T15:30:34.334203
0.000000,0.000000,0.00,0.00,0.06,2025-07-11T15:30:34.832995
0.000000,0.000000,0.00,0.00,0.04,2025-07-11T15:30:35.340970
0.000000,0.000000,0.00,0.00,0.11,2025-07-11T15:30:35.845201
0.000000,0.000000,0.00,0.00,0.15,2025-07-11T15:30:36.371123
0.000000,0.000000,0.00,0.00,0.06,2025-07-11T15:30:36.861983
0.000000,0.000000,0.00,0.00,0.13,2025-07-11T15:30:37.390063
0.000000,0.000000,0.00,0.00,0.07,2025-07-11T15:30:37.900151
0.000000,0.000000,0.00,0.00,0.06,2025-07-11T15:30:38.338552
0.000000,0.000000,0.00,0.00,0.06,2025-07-11T15:30:38.838486
0.000000,0.000000,0.00,0.00,0.05,2025-07-11T15:30:39.348455
0.000000,0.000000,0.00,0.00,0.05,2025-07-11T15:30:39.842358
0.000000,0.000000,0.00,0.00,0.05,2025-07-11T15:30:40.352616
0.000000,0.000000,0.00,0.00,0.05,2025-07-11T15:30:40.863016
0.000000,0.000000,0.00,0.00,0.05,2025-07-11T15:30:41.374061
0.000000,0.000000,0.00,0.00,0.05,2025-07-11T15:30:41.887704
0.000000,0.000000,0.00,0.00,0.04,2025-07-11T15:30:42.409628
0.000000,0.000000,0.00,0.00,0.07,2025-07-11T15:30:42.923204
0.000000,0.000000,0.00,0.00,0.12,2025-07-11T15:30:43.350293
0.000000,0.000000,0.00,0.00,0.04,2025-07-11T15:30:43.862980
0.000000,0.000000,0.00,0.00,0.05,2025-07-11T15:30:44.352908
0.000000,0.000000,0.00,0.00,0.05,2025-07-11T15:30:44.860015
0.000000,0.000000,0.00,0.00,0.11,2025-07-11T15:30:45.366792
0.000000,0.000000,0.00,0.00,0.05,2025-07-11T15:30:45.887328
0.000000,0.000000,0.00,0.00,0.08,2025-07-11T15:30:46.402311
0.000000,0.000000,0.00,0.00,0.05,2025-07-11T15:30:46.915116
0.000000,0.000000,0.00,0.00,0.05,2025-07-11T15:30:47.423871
0.000000,0.000000,0.00,0.00,0.13,2025-07-11T15:30:47.927706
0.000000,0.000000,0.00,0.00,0.17,2025-07-11T15:30:48.363271
0.000000,0.000000,0.00,0.00,0.05,2025-07-11T15:30:48.870391
0.000000,0.000000,0.00,0.00,0.06,2025-07-11T15:30:49.366601
0.000000,0.000000,0.00,0.00,0.09,2025-07-11T15:30:49.876609
0.000000,0.000000,0.00,0.00,0.33,2025-07-11T15:30:50.388772
0.000000,0.000000,0.00,0.00,0.17,2025-07-11T15:30:50.901250
0.000000,0.000000,0.00,0.00,0.22,2025-07-11T15:30:51.410183
0.000000,0.000000,0.00,0.00,0.05,2025-07-11T15:30:51.933101
0.000000,0.000000,0.00,0.00,0.07,2025-07-11T15:30:52.441571
0.000000,0.000000,0.00,0.00,0.06,2025-07-11T15:30:52.879447
0.000000,0.000000,0.00,0.00,0.05,2025-07-11T15:30:53.389419
0.000000,0.000000,0.00,0.00,0.06,2025-07-11T15:30:53.884637
0.000000,0.000000,0.00,0.00,0.02,2025-07-11T15:30:54.397912
0.000000,0.000000,0.00,0.00,0.01,2025-07-11T15:30:54.893383
0.000000,0.000000,0.00,0.00,0.07,2025-07-11T15:30:55.404171
0.000000,0.000000,0.00,0.00,0.10,2025-07-11T15:30:55.922772
0.000000,0.000000,0.00,0.00,0.00,2025-07-11T15:34:13.658651
0.000000,0.000000,0.00,0.00,0.01,2025-07-11T15:34:14.158110
0.000000,0.000000,0.00,0.00,0.01,2025-07-11T15:34:14.681101
0.000000,0.000000,0.00,0.00,0.01,2025-07-11T15:34:15.191775
0.000000,0.000000,0.00,0.00,0.01,2025-07-11T15:34:15.638112
0.000000,0.000000,0.00,0.00,0.00,2025-07-11T15:34:16.140399
0.000000,0.000000,0.00,0.00,0.01,2025-07-11T15:34:16.636828
0.000000,0.000000,0.00,0.00,0.01,2025-07-11T15:34:17.137206
0.000000,0.000000,0.00,0.00,0.01,2025-07-11T15:34:17.637557
0.000000,0.000000,0.00,0.00,0.01,2025-07-11T15:34:18.153666
0.000000,0.000000,0.00,0.00,0.01,2025-07-11T15:34:18.669358
0.000000,0.000000,0.00,0.00,0.01,2025-07-11T15:34:19.187923
0.000000,0.000000,0.00,0.00,0.01,2025-07-11T15:34:19.698260
0.000000,0.000000,0.00,0.00,0.01,2025-07-11T15:34:20.207717
0.000000,0.000000,0.00,0.00,0.01,2025-07-11T15:34:20.640261
0.000000,0.000000,0.00,0.00,0.00,2025-07-11T15:34:21.144700
0.000000,0.000000,0.00,0.00,0.00,2025-07-11T15:34:21.643462
0.000000,0.000000,0.00,0.00,0.01,2025-07-11T15:34:22.166567
0.000000,0.000000,0.00,0.00,0.00,2025-07-11T15:34:22.653476
0.000000,0.000000,0.00,0.00,0.01,2025-07-11T15:34:23.181615
0.000000,0.000000,0.00,0.00,0.01,2025-07-11T15:34:23.692304
0.000000,0.000000,0.00,0.00,0.01,2025-07-11T15:34:24.223477
0.000000,0.000000,0.00,0.00,0.01,2025-07-11T15:34:24.714942
0.000000,0.000000,0.00,0.00,0.01,2025-07-11T15:34:25.227237
0.000000,0.000000,0.00,0.00,0.00,2025-07-11T15:34:25.668065
0.000000,0.000000,0.00,0.00,0.01,2025-07-11T15:34:26.177908
0.000000,0.000000,0.00,0.00,0.00,2025-07-11T15:34:26.689708
0.000000,0.000000,0.00,0.00,0.01,2025-07-11T15:34:27.184134
0.000000,0.000000,0.00,0.00,0.00,2025-07-11T15:34:27.693415
0.000000,0.000000,0.00,0.00,0.01,2025-07-11T15:34:28.192289
0.000000,0.000000,0.00,0.00,0.01,2025-07-11T15:34:28.710277
0.000000,0.000000,0.00,0.00,0.01,2025-07-11T15:34:29.216728
0.000000,0.000000,0.00,0.00,0.00,2025-07-11T15:34:29.729301
0.000000,0.000000,0.00,0.00,0.00,2025-07-11T15:34:30.245594
0.000000,0.000000,0.00,0.00,0.00,2025-07-11T15:34:30.758176
0.000000,0.000000,0.00,0.00,0.01,2025-07-11T15:34:31.255532
0.000000,0.000000,0.00,0.00,0.01,2025-07-11T15:34:31.774398
0.000000,0.000000,0.00,0.00,0.03,2025-07-11T15:34:32.228117
0.000000,0.000000,0.00,0.00,0.01,2025-07-11T15:34:32.731401
0.000000,0.000000,0.00,0.00,0.01,2025-07-11T15:34:33.230361
0.000000,0.000000,0.00,0.00,0.01,2025-07-11T15:34:33.728849
0.000000,0.000000,0.00,0.00,0.01,2025-07-11T15:34:34.237458
0.000000,0.000000,0.00,0.00,0.01,2025-07-11T15:34:34.751627
0.000000,0.000000,0.00,0.00,0.01,2025-07-11T15:34:35.260247
0.000000,0.000000,0.00,0.00,0.01,2025-07-11T15:34:35.765358
0.000000,0.000000,0.00,0.00,0.02,2025-07-11T15:34:36.285232
0.000000,0.000000,0.00,0.00,0.02,2025-07-11T15:34:36.791603
0.000000,0.000000,0.00,0.00,0.01,2025-07-11T15:34:37.238709
0.000000,0.000000,0.00,0.00,0.00,2025-07-11T15:34:37.755280
0.000000,0.000000,0.00,0.00,0.01,2025-07-11T15:34:38.240760
0.000000,0.000000,0.00,0.00,0.03,2025-07-11T15:34:38.735150
0.000000,0.000000,0.00,0.00,0.01,2025-07-11T15:34:39.255732
0.000000,0.000000,0.00,0.00,0.01,2025-07-11T15:34:39.771215
0.000000,0.000000,0.00,0.00,0.01,2025-07-11T15:34:40.284736
0.000000,0.000000,0.00,0.00,0.01,2025-07-11T15:34:40.792824
0.000000,0.000000,0.00,0.00,0.01,2025-07-11T15:34:41.304727
0.000000,0.000000,0.00,0.00,0.01,2025-07-11T15:34:41.816791
0.000000,0.000000,0.00,0.00,0.01,2025-07-11T15:34:42.246020
0.000000,0.000000,0.00,0.00,0.01,2025-07-11T15:34:42.769425
0.000000,0.000000,0.00,0.00,0.03,2025-07-11T15:34:43.264536
0.000000,0.000000,0.00,0.00,0.01,2025-07-11T15:34:43.782393
0.000000,0.000000,0.00,0.00,0.01,2025-07-11T15:34:44.281612
0.000000,0.000000,0.00,0.00,0.01,2025-07-11T15:34:44.799142
0.000000,0.000000,0.00,0.00,0.01,2025-07-11T15:34:45.297549
0.000000,0.000000,0.00,0.00,0.01,2025-07-11T15:34:45.806314
0.000000,0.000000,0.00,0.00,0.01,2025-07-11T15:34:46.320328
0.000000,0.000000,0.00,0.00,0.00,2025-07-11T15:34:46.834015
0.000000,0.000000,0.00,0.00,0.01,2025-07-11T15:34:47.345142
0.000000,0.000000,0.00,0.00,0.01,2025-07-11T15:34:47.863002
0.000000,0.000000,0.00,0.00,0.00,2025-07-11T15:34:48.371990
0.000000,0.000000,0.00,0.00,0.01,2025-07-11T15:34:48.880524
0.000000,0.000000,0.00,0.00,0.00,2025-07-11T15:34:49.394439
0.000000,0.000000,0.00,0.00,0.01,2025-07-11T15:34:49.905385
0.000000,0.000000,0.00,0.00,0.01,2025-07-11T15:34:50.423179
0.000000,0.000000,0.00,0.00,0.01,2025-07-11T15:34:50.867226
0.000000,0.000000,0.00,0.00,0.02,2025-07-11T15:34:51.361282
0.000000,0.000000,0.00,0.00,0.01,2025-07-11T15:34:51.878621
0.000000,0.000000,0.00,0.00,0.01,2025-07-11T15:34:52.388252
0.000000,0.000000,0.00,0.00,0.01,2025-07-11T15:34:52.891259
0.000000,0.000000,0.00,0.00,0.00,2025-07-11T15:34:53.396201
0.000000,0.000000,0.00,0.00,0.01,2025-07-11T15:34:53.899950
0.000000,0.000000,0.00,0.00,0.01,2025-07-11T15:34:54.420041
0.000000,0.000000,0.00,0.00,0.01,2025-07-11T15:34:54.919142
0.000000,0.000000,0.00,0.00,0.01,2025-07-11T15:34:55.436659
0.000000,0.000000,0.00,0.00,0.01,2025-07-11T15:34:55.945766
0.000000,0.000000,0.00,0.00,0.02,2025-07-11T15:34:56.460250
0.000000,0.000000,0.00,0.00,0.01,2025-07-11T15:34:56.963544
0.000000,0.000000,0.00,0.00,0.01,2025-07-11T15:34:57.483705
0.000000,0.000000,0.00,0.00,0.01,2025-07-11T15:34:57.995838
0.000000,0.000000,0.00,0.00,0.01,2025-07-11T15:34:58.503385
0.000000,0.000000,0.00,0.00,0.01,2025-07-11T15:34:59.020727
0.000000,0.000000,0.00,0.00,0.00,2025-07-11T15:34:59.527766
0.000000,0.000000,0.00,0.00,0.01,2025-07-11T15:34:59.976793
0.000000,0.000000,0.00,0.00,0.00,2025-07-11T15:35:00.476194
0.000000,0.000000,0.00,0.00,0.00,2025-07-11T15:35:00.978273
0.000000,0.000000,0.00,0.00,0.01,2025-07-11T15:35:01.481866
0.000000,0.000000,0.00,0.00,0.00,2025-07-11T15:35:01.984546
0.000000,0.000000,0.00,0.00,0.01,2025-07-11T15:35:02.502036
0.000000,0.000000,0.00,0.00,0.00,2025-07-11T15:35:03.012859
0.000000,0.000000,0.00,0.00,0.01,2025-07-11T15:35:03.525968
0.000000,0.000000,0.00,0.00,0.01,2025-07-11T15:35:04.037635
0.000000,0.000000,0.00,0.00,0.01,2025-07-11T15:35:04.485187
0.000000,0.000000,0.00,0.00,0.01,2025-07-11T15:35:04.986478
0.000000,0.000000,0.00,0.00,0.01,2025-07-11T15:35:05.486009
0.000000,0.000000,0.00,0.00,0.00,2025-07-11T15:35:05.989624
0.000000,0.000000,0.00,0.00,0.01,2025-07-11T15:35:06.501366
0.000000,0.000000,0.00,0.00,0.01,2025-07-11T15:35:06.999220
0.000000,0.000000,0.00,0.00,0.01,2025-07-11T15:35:07.518900
0.000000,0.000000,0.00,0.00,0.01,2025-07-11T15:35:08.029679
0.000000,0.000000,0.00,0.00,0.01,2025-07-11T15:35:08.547566
0.000000,0.000000,0.00,0.00,0.02,2025-07-11T15:35:09.150770
0.000000,0.000000,0.00,0.00,0.01,2025-07-11T15:35:09.501132
0.000000,0.000000,0.00,0.00,0.01,2025-07-11T15:35:09.996498
0.000000,0.000000,0.00,0.00,0.01,2025-07-11T15:35:10.503034
0.000000,0.000000,0.00,0.00,0.01,2025-07-11T15:35:11.005205
0.000000,0.000000,0.00,0.00,0.01,2025-07-11T15:35:11.512737
0.000000,0.000000,0.00,0.00,0.01,2025-07-11T15:35:12.024942
0.000000,0.000000,0.00,0.00,0.01,2025-07-11T15:35:12.535125
0.000000,0.000000,0.00,0.00,0.00,2025-07-11T15:35:13.050608
0.000000,0.000000,0.00,0.00,0.01,2025-07-11T15:35:13.548993
0.000000,0.000000,0.00,0.00,0.01,2025-07-11T15:35:14.072139
0.000000,0.000000,0.00,0.00,0.01,2025-07-11T15:35:14.501869
0.000000,0.000000,0.00,0.00,0.01,2025-07-11T15:35:15.018002
0.000000,0.000000,0.00,0.00,0.01,2025-07-11T15:35:15.517215
0.000000,0.000000,0.00,0.00,0.01,2025-07-11T15:35:16.026219
0.000000,0.000000,0.00,0.00,0.01,2025-07-11T15:35:16.530560
0.000000,0.000000,0.00,0.00,0.01,2025-07-11T15:35:17.037712
0.000000,0.000000,0.00,0.00,0.01,2025-07-11T15:35:17.554497
0.000000,0.000000,0.00,0.00,0.01,2025-07-11T15:35:18.065924
0.000000,0.000000,0.00,0.00,0.01,2025-07-11T15:35:18.587041
0.000000,0.000000,0.00,0.00,0.01,2025-07-11T16:23:47.485554
0.000000,0.000000,0.00,0.00,0.00,2025-07-11T16:23:47.989762
0.000000,0.000000,0.00,0.00,0.01,2025-07-11T16:23:48.487289
0.000000,0.000000,0.00,0.00,0.00,2025-07-11T16:23:48.990388
0.000000,0.000000,0.00,0.00,0.00,2025-07-11T16:23:49.501505
0.000000,0.000000,0.00,0.00,0.00,2025-07-11T16:23:50.013543
0.000000,0.000000,0.00,0.00,0.00,2025-07-11T16:23:50.518473
0.000000,0.000000,0.00,0.00,0.00,2025-07-11T16:23:51.050664
0.000000,0.000000,0.00,0.00,0.00,2025-07-11T16:23:51.549598
0.000000,0.000000,0.00,0.00,0.00,2025-07-11T16:23:51.996603
0.000000,0.000000,0.00,0.00,0.00,2025-07-11T16:23:52.494923
0.000000,0.000000,0.00,0.00,0.01,2025-07-11T16:23:53.001080
0.000000,0.000000,0.00,0.00,0.00,2025-07-11T16:23:53.500600
0.000000,0.000000,0.00,0.00,0.00,2025-07-11T16:23:54.004054
0.000000,0.000000,0.00,0.00,0.00,2025-07-11T16:23:54.627190
0.000000,0.000000,0.00,0.00,0.01,2025-07-11T16:23:55.029266
0.000000,0.000000,0.00,0.00,0.00,2025-07-11T16:23:55.558212
0.000000,0.000000,0.00,0.00,0.01,2025-07-11T16:23:56.056006
0.000000,0.000000,0.00,0.00,0.01,2025-07-11T16:23:56.505411
0.000000,0.000000,0.00,0.00,0.01,2025-07-11T16:23:57.009046
0.000000,0.000000,0.00,0.00,0.00,2025-07-11T16:23:57.509692
0.000000,0.000000,0.00,0.00,0.01,2025-07-11T16:23:58.011071
0.000000,0.000000,0.00,0.00,0.01,2025-07-11T16:23:58.513254
0.000000,0.000000,0.00,0.00,0.01,2025-07-11T16:23:59.019002
0.000000,0.000000,0.00,0.00,0.00,2025-07-11T16:23:59.537065
0.000000,0.000000,0.00,0.00,0.01,2025-07-11T16:24:00.039411
0.000000,0.000000,0.00,0.00,0.00,2025-07-11T16:24:00.561007
0.000000,0.000000,0.00,0.00,0.01,2025-07-11T16:24:01.072973
0.000000,0.000000,0.00,0.00,0.01,2025-07-11T16:24:01.519526
0.000000,0.000000,0.00,0.00,0.00,2025-07-11T16:24:02.020961
0.000000,0.000000,0.00,0.00,0.00,2025-07-11T16:24:02.523552
0.000000,0.000000,0.00,0.00,0.00,2025-07-11T16:24:03.025726
0.000000,0.000000,0.00,0.00,0.00,2025-07-11T16:24:03.530435
0.000000,0.000000,0.00,0.00,0.01,2025-07-11T16:24:04.041484
0.000000,0.000000,0.00,0.00,0.00,2025-07-11T16:24:04.553185
0.000000,0.000000,0.00,0.00,0.01,2025-07-11T16:24:05.066459
0.000000,0.000000,0.00,0.00,0.00,2025-07-11T16:24:05.577996
0.000000,0.000000,0.00,0.00,0.00,2025-07-11T16:24:06.090157
0.000000,0.000000,0.00,0.00,0.00,2025-07-11T16:24:06.532932
0.000000,0.000000,0.00,0.00,0.00,2025-07-11T16:24:07.034716
0.000000,0.000000,0.00,0.00,0.00,2025-07-11T16:24:07.539756
0.000000,0.000000,0.00,0.00,0.00,2025-07-11T16:24:08.042579
0.000000,0.000000,0.00,0.00,0.00,2025-07-11T16:24:08.546999
0.000000,0.000000,0.00,0.00,0.00,2025-07-11T16:24:09.060302
0.000000,0.000000,0.00,0.00,0.01,2025-07-11T16:24:09.568962
0.000000,0.000000,0.00,0.00,0.00,2025-07-11T16:24:10.088693
0.000000,0.000000,0.00,0.00,0.00,2025-07-11T16:24:10.609251
0.000000,0.000000,0.00,0.00,0.00,2025-07-11T16:24:11.112558
0.000000,0.000000,0.00,0.00,0.00,2025-07-11T16:24:11.551044
0.000000,0.000000,0.00,0.00,0.05,2025-07-11T16:24:12.048925
0.000000,0.000000,0.00,0.00,0.00,2025-07-11T16:24:12.550989
0.000000,0.000000,0.00,0.00,0.02,2025-07-11T16:24:13.053460
0.000000,0.000000,0.00,0.00,0.01,2025-07-11T16:24:13.566083
0.000000,0.000000,0.00,0.00,0.00,2025-07-11T16:24:14.082137
0.000000,0.000000,0.00,0.00,0.00,2025-07-11T16:24:14.589422
0.000000,0.000000,0.00,0.00,0.00,2025-07-11T16:24:15.106447
0.000000,0.000000,0.00,0.00,0.00,2025-07-11T16:24:15.613706
0.000000,0.000000,0.00,0.00,0.00,2025-07-11T16:24:16.061020
0.000000,0.000000,0.00,0.00,0.00,2025-07-11T16:24:16.562954
0.000000,0.000000,0.00,0.00,0.01,2025-07-11T16:24:17.065096
0.000000,0.000000,0.00,0.00,0.00,2025-07-11T16:24:17.567070
0.000000,0.000000,0.00,0.00,0.01,2025-07-11T16:24:18.071904
0.000000,0.000000,0.00,0.00,0.00,2025-07-11T16:24:18.582534
0.000000,0.000000,0.00,0.00,0.01,2025-07-11T16:24:19.107125
0.000000,0.000000,0.00,0.00,0.00,2025-07-11T16:24:19.607024
0.000000,0.000000,0.00,0.00,0.01,2025-07-11T16:24:20.119407
0.000000,0.000000,0.00,0.00,0.00,2025-07-11T16:24:20.630820
0.000000,0.000000,0.00,0.00,0.02,2025-07-11T16:24:21.076024
0.000000,0.000000,0.00,0.00,0.21,2025-07-11T16:24:21.579002
0.000000,0.000000,0.00,0.00,0.10,2025-07-11T16:24:22.082224
0.000000,0.000000,0.00,0.00,0.02,2025-07-11T16:24:22.608769
0.000000,0.000000,0.00,0.00,0.00,2025-07-11T16:24:23.089127
0.000000,0.000000,0.00,0.00,0.00,2025-07-11T16:24:23.600828
0.000000,0.000000,0.00,0.00,0.00,2025-07-11T16:24:24.121182
0.000000,0.000000,0.00,0.00,0.00,2025-07-11T16:24:24.624413
0.000000,0.000000,0.00,0.00,0.00,2025-07-11T16:24:25.142083
0.000000,0.000000,0.00,0.00,0.00,2025-07-11T16:24:25.649626
0.000000,0.000000,0.00,0.00,0.01,2025-07-11T16:24:26.090966
0.000000,0.000000,0.00,0.00,0.01,2025-07-11T16:24:26.591487
0.000000,0.000000,0.00,0.00,0.00,2025-07-11T16:24:27.094080
0.000000,0.000000,0.00,0.00,0.00,2025-07-11T16:24:27.601590
0.000000,0.000000,0.00,0.00,0.00,2025-07-11T16:24:28.105081
0.000000,0.000000,0.00,0.00,0.00,2025-07-11T16:24:28.617545
0.000000,0.000000,0.00,0.00,0.00,2025-07-11T16:24:29.132192
0.000000,0.000000,0.00,0.00,0.00,2025-07-11T16:24:29.642523
0.000000,0.000000,0.00,0.00,0.01,2025-07-11T16:24:30.255851
0.000000,0.000000,0.00,0.00,0.01,2025-07-11T16:24:30.603067
0.000000,0.000000,0.00,0.00,0.00,2025-07-11T16:24:31.105553
0.000000,0.000000,0.00,0.00,0.01,2025-07-11T16:24:31.613963
0.000000,0.000000,0.00,0.00,0.03,2025-07-11T16:24:32.109671
0.000000,0.000000,0.00,0.00,0.01,2025-07-11T16:24:32.612569
0.000000,0.000000,0.00,0.00,0.01,2025-07-11T16:24:33.128022
0.000000,0.000000,0.00,0.00,0.01,2025-07-11T16:24:33.639019
0.000000,0.000000,0.00,0.00,0.02,2025-07-11T16:24:34.153944
0.000000,0.000000,0.00,0.00,0.05,2025-07-11T16:24:34.663610
0.000000,0.000000,0.00,0.00,0.03,2025-07-11T16:24:35.172135
0.000000,0.000000,0.00,0.00,0.01,2025-07-11T16:24:35.624416
0.000000,0.000000,0.00,0.00,0.01,2025-07-11T16:24:36.123911
0.000000,0.000000,0.00,0.00,0.00,2025-07-11T16:24:36.634875
0.000000,0.000000,0.00,0.00,0.00,2025-07-11T16:24:37.125900
0.000000,0.000000,0.00,0.00,0.01,2025-07-11T16:24:37.635093
0.000000,0.000000,0.00,0.00,0.00,2025-07-11T16:24:38.157522
0.000000,0.000000,0.00,0.00,0.01,2025-07-11T16:24:38.659319
0.000000,0.000000,0.00,0.00,0.00,2025-07-11T16:24:39.154902
0.000000,0.000000,0.00,0.00,0.01,2025-07-11T16:24:39.677357
0.000000,0.000000,0.00,0.00,0.01,2025-07-11T16:24:40.189573
0.000000,0.000000,0.00,0.00,0.02,2025-07-11T16:24:40.638971
0.000000,0.000000,0.00,0.00,0.01,2025-07-11T16:24:41.136118
0.000000,0.000000,0.00,0.00,0.02,2025-07-11T16:24:41.637565
0.000000,0.000000,0.00,0.00,0.01,2025-07-11T16:24:42.140184
0.000000,0.000000,0.00,0.00,0.01,2025-07-11T16:24:42.647488
0.000000,0.000000,0.00,0.00,0.00,2025-07-11T16:24:43.153507
0.000000,0.000000,0.00,0.00,0.03,2025-07-11T16:24:43.671531
0.000000,0.000000,0.00,0.00,0.00,2025-07-11T16:24:44.179798
0.000000,0.000000,0.00,0.00,0.01,2025-07-11T16:24:44.699856
0.000000,0.000000,0.00,0.00,0.00,2025-07-11T16:24:45.144465
0.000000,0.000000,0.00,0.00,0.00,2025-07-11T16:24:45.646481
0.000000,0.000000,0.00,0.00,0.00,2025-07-11T16:24:46.148042
0.000000,0.000000,0.00,0.00,0.01,2025-07-11T16:24:46.650706
0.000000,0.000000,0.00,0.00,0.01,2025-07-11T16:24:47.158616
0.000000,0.000000,0.00,0.00,0.01,2025-07-11T16:24:47.669084
0.000000,0.000000,0.00,0.00,0.01,2025-07-11T16:24:48.167618
0.000000,0.000000,0.00,0.00,0.01,2025-07-11T16:24:48.677909
0.000000,0.000000,0.00,0.00,0.00,2025-07-11T16:24:49.201321
0.000000,0.000000,0.00,0.00,0.00,2025-07-11T16:24:49.717172
0.000000,0.000000,0.00,0.00,0.00,2025-07-11T16:24:50.160030
0.000000,0.000000,0.00,0.00,0.00,2025-07-11T16:24:50.667861
0.000000,0.000000,0.00,0.00,0.01,2025-07-11T16:24:51.164080
0.000000,0.000000,0.00,0.00,0.01,2025-07-11T16:24:51.666538
0.000000,0.000000,0.00,0.00,0.01,2025-07-11T16:24:52.175935
0.000000,0.000000,0.00,0.00,0.01,2025-07-11T16:24:52.675393
0.000000,0.000000,0.00,0.00,0.00,2025-07-11T16:24:53.201844
0.000000,0.000000,0.00,0.00,0.00,2025-07-11T16:24:53.705883
0.000000,0.000000,0.00,0.00,0.00,2025-07-11T16:24:54.224860
0.000000,0.000000,0.00,0.00,0.00,2025-07-11T16:24:54.730715
0.000000,0.000000,0.00,0.00,0.01,2025-07-11T16:24:55.173981
0.000000,0.000000,0.00,0.00,0.00,2025-07-11T16:24:55.679383
0.000000,0.000000,0.00,0.00,0.01,2025-07-11T16:24:56.178382
0.000000,0.000000,0.00,0.00,0.01,2025-07-11T16:24:56.682646
0.000000,0.000000,0.00,0.00,0.00,2025-07-11T16:24:57.193817
0.000000,0.000000,0.00,0.00,0.00,2025-07-11T16:24:57.700908
0.000000,0.000000,0.00,0.00,0.00,2025-07-11T16:24:58.207405
0.000000,0.000000,0.00,0.00,0.00,2025-07-11T16:24:58.725008
0.000000,0.000000,0.00,0.00,0.00,2025-07-11T16:24:59.233026
0.000000,0.000000,0.00,0.00,0.00,2025-07-11T16:24:59.749002
0.000000,0.000000,0.00,0.00,0.00,2025-07-11T16:25:00.190343
0.000000,0.000000,0.00,0.00,0.01,2025-07-11T16:25:00.691617
0.000000,0.000000,0.00,0.00,0.00,2025-07-11T16:25:01.193525
0.000000,0.000000,0.00,0.00,0.01,2025-07-11T16:25:01.698445
0.000000,0.000000,0.00,0.00,0.00,2025-07-11T16:25:02.210061
0.000000,0.000000,0.00,0.00,0.01,2025-07-11T16:25:02.734418
0.000000,0.000000,0.00,0.00,0.01,2025-07-11T16:25:03.232584
0.000000,0.000000,0.00,0.00,0.01,2025-07-11T16:25:03.746157
0.000000,0.000000,0.00,0.00,0.01,2025-07-11T16:25:04.258326
0.000000,0.000000,0.00,0.00,0.00,2025-07-11T16:25:04.703053
0.000000,0.000000,0.00,0.00,0.00,2025-07-11T16:25:05.203757
0.000000,0.000000,0.00,0.00,0.00,2025-07-11T16:25:05.705925
0.000000,0.000000,0.00,0.00,0.01,2025-07-11T16:25:06.208001
0.000000,0.000000,0.00,0.00,0.01,2025-07-11T16:25:06.711572
0.000000,0.000000,0.00,0.00,0.00,2025-07-11T16:25:07.223161
0.000000,0.000000,0.00,0.00,0.01,2025-07-11T16:25:07.739857
0.000000,0.000000,0.00,0.00,0.01,2025-07-11T16:25:08.247979
0.000000,0.000000,0.00,0.00,0.00,2025-07-11T16:25:08.762654
0.000000,0.000000,0.00,0.00,0.00,2025-07-11T16:25:09.275458
0.000000,0.000000,0.00,0.00,0.00,2025-07-11T16:25:09.716818
0.000000,0.000000,0.00,0.00,0.00,2025-07-11T16:25:10.218843
0.000000,0.000000,0.00,0.00,0.01,2025-07-11T16:25:10.720710
0.000000,0.000000,0.00,0.00,0.00,2025-07-11T16:25:11.224566
0.000000,0.000000,0.00,0.00,0.01,2025-07-11T16:25:11.728834
0.000000,0.000000,0.00,0.00,0.00,2025-07-11T16:25:12.343331
0.000000,0.000000,0.00,0.00,0.00,2025-07-11T16:25:12.747365
0.000000,0.000000,0.00,0.00,0.00,2025-07-11T16:25:13.251777
0.000000,0.000000,0.00,0.00,0.00,2025-07-11T16:25:13.781251
0.000000,0.000000,0.00,0.00,0.00,2025-07-11T16:25:14.288342
0.000000,0.000000,0.00,0.00,0.00,2025-07-11T16:25:14.735257
0.000000,0.000000,0.00,0.00,0.00,2025-07-11T16:25:15.235332
0.000000,0.000000,0.00,0.00,0.00,2025-07-11T16:25:15.737407
0.000000,0.000000,0.00,0.00,0.00,2025-07-11T16:25:16.239354
0.000000,0.000000,0.00,0.00,0.00,2025-07-11T16:25:16.747136
0.000000,0.000000,0.00,0.00,0.00,2025-07-11T16:25:17.258104
0.000000,0.000000,0.00,0.00,0.01,2025-07-11T16:25:17.764990
0.000000,0.000000,0.00,0.00,0.01,2025-07-11T16:25:18.287486
0.000000,0.000000,0.00,0.00,0.00,2025-07-11T16:25:18.793687
0.000000,0.000000,0.00,0.00,0.00,2025-07-11T16:25:19.243903
0.000000,0.000000,0.00,0.00,0.01,2025-07-11T16:25:19.746017
0.000000,0.000000,0.00,0.00,0.01,2025-07-11T16:25:20.248005
0.000000,0.000000,0.00,0.00,0.00,2025-07-11T16:25:20.750417
0.000000,0.000000,0.00,0.00,0.01,2025-07-11T16:25:21.253103
0.000000,0.000000,0.00,0.00,0.01,2025-07-11T16:25:21.758407
0.000000,0.000000,0.00,0.00,0.00,2025-07-11T16:25:22.282621
0.000000,0.000000,0.00,0.00,0.01,2025-07-11T16:25:22.807715
0.000000,0.000000,0.00,0.00,0.00,2025-07-11T16:25:23.297446
0.000000,0.000000,0.00,0.00,0.01,2025-07-11T16:25:23.817460
0.000000,0.000000,0.00,0.00,0.00,2025-07-11T16:25:24.258780
0.000000,0.000000,0.00,0.00,0.01,2025-07-11T16:25:24.767741
0.000000,0.000000,0.00,0.00,0.00,2025-07-11T16:25:25.263396
0.000000,0.000000,0.00,0.00,0.00,2025-07-11T16:25:25.769418
0.000000,0.000000,0.00,0.00,0.00,2025-07-11T16:25:26.274895
0.000000,0.000000,0.00,0.00,0.00,2025-07-11T16:25:26.781483
0.000000,0.000000,0.00,0.00,0.00,2025-07-11T16:25:27.305675
0.000000,0.000000,0.00,0.00,0.00,2025-07-11T16:25:27.805632
0.000000,0.000000,0.00,0.00,0.01,2025-07-11T16:25:28.320374
0.000000,0.000000,0.00,0.00,0.00,2025-07-11T16:25:28.829917
0.000000,0.000000,0.00,0.00,0.01,2025-07-11T16:25:29.276462
0.000000,0.000000,0.00,0.00,0.00,2025-07-11T16:25:29.776989
0.000000,0.000000,0.00,0.00,0.01,2025-07-11T16:25:30.277416
0.000000,0.000000,0.00,0.00,0.01,2025-07-11T16:25:30.779742
0.000000,0.000000,0.00,0.00,0.01,2025-07-11T16:25:31.285898
0.000000,0.000000,0.00,0.00,0.01,2025-07-11T16:25:31.814198
0.000000,0.000000,0.00,0.00,0.01,2025-07-11T16:25:32.319639
0.000000,0.000000,0.00,0.00,0.01,2025-07-11T16:25:32.828320
0.000000,0.000000,0.00,0.00,0.00,2025-07-11T16:25:33.335557
0.000000,0.000000,0.00,0.00,0.00,2025-07-11T16:25:33.847645
0.000000,0.000000,0.00,0.00,0.00,2025-07-11T16:25:34.287911
0.000000,0.000000,0.00,0.00,0.00,2025-07-11T16:25:34.789955
0.000000,0.000000,0.00,0.00,0.00,2025-07-11T16:25:35.291074
0.000000,0.000000,0.00,0.00,0.01,2025-07-11T16:25:35.797225
0.000000,0.000000,0.00,0.00,0.01,2025-07-11T16:25:36.303451
0.000000,0.000000,0.00,0.00,0.01,2025-07-11T16:25:36.811599
0.000000,0.000000,0.00,0.00,0.00,2025-07-11T16:25:37.329018
0.000000,0.000000,0.00,0.00,0.04,2025-07-11T16:25:37.843294
0.000000,0.000000,0.00,0.00,0.03,2025-07-11T16:25:38.353543
0.000000,0.000000,0.00,0.00,0.01,2025-07-11T16:25:38.801387
0.000000,0.000000,0.00,0.00,0.10,2025-07-11T16:25:39.302619
0.000000,0.000000,0.00,0.00,0.01,2025-07-11T16:25:39.804059
0.000000,0.000000,0.00,0.00,0.06,2025-07-11T16:25:40.306333
0.000000,0.000000,0.00,0.00,0.04,2025-07-11T16:25:40.810692
0.000000,0.000000,0.00,0.00,0.02,2025-07-11T16:25:41.322625
0.000000,0.000000,0.00,0.00,0.04,2025-07-11T16:25:41.836854
0.000000,0.000000,0.00,0.00,0.11,2025-07-11T16:25:42.345497
0.000000,0.000000,0.00,0.00,0.04,2025-07-11T16:25:42.858596
0.000000,0.000000,0.00,0.00,0.05,2025-07-11T16:25:43.370612
0.000000,0.000000,0.00,0.00,0.05,2025-07-11T16:25:43.817449
0.000000,0.000000,0.00,0.00,0.04,2025-07-11T16:25:44.317874
0.000000,0.000000,0.00,0.00,0.06,2025-07-11T16:25:44.819582
0.000000,0.000000,0.00,0.00,0.05,2025-07-11T16:25:45.321425
0.000000,0.000000,0.00,0.00,0.08,2025-07-11T16:25:45.832849
0.000000,0.000000,0.00,0.00,0.06,2025-07-11T16:25:46.339703
0.000000,0.000000,0.00,0.00,0.07,2025-07-11T16:25:46.852070
0.000000,0.000000,0.00,0.00,0.05,2025-07-11T16:25:47.371016
0.000000,0.000000,0.00,0.00,0.07,2025-07-11T16:25:47.876158
0.000000,0.000000,0.00,0.00,0.04,2025-07-11T16:25:48.399752
0.000000,0.000000,0.00,0.00,0.01,2025-07-11T16:25:48.832413
0.000000,0.000000,0.00,0.00,0.02,2025-07-11T16:25:49.332332
0.000000,0.000000,0.00,0.00,0.06,2025-07-11T16:25:49.834539
0.000000,0.000000,0.00,0.00,0.06,2025-07-11T16:25:50.338633
0.000000,0.000000,0.00,0.00,0.06,2025-07-11T16:25:50.849383
0.000000,0.000000,0.00,0.00,0.06,2025-07-11T16:25:51.362494
0.000000,0.000000,0.00,0.00,0.07,2025-07-11T16:25:51.869607
0.000000,0.000000,0.00,0.00,0.06,2025-07-11T16:25:52.381554
0.000000,0.000000,0.00,0.00,0.05,2025-07-11T16:25:52.892024
0.000000,0.000000,0.00,0.00,0.21,2025-07-11T16:25:53.410250
0.000000,0.000000,0.00,0.00,0.01,2025-07-11T16:25:53.845881
0.000000,0.000000,0.00,0.00,0.03,2025-07-11T16:25:54.429513
0.000000,0.000000,0.00,0.00,0.06,2025-07-11T16:25:54.851035
0.000000,0.000000,0.00,0.00,0.05,2025-07-11T16:25:55.356059
0.000000,0.000000,0.00,0.00,0.04,2025-07-11T16:25:55.861125
0.000000,0.000000,0.00,0.00,0.07,2025-07-11T16:25:56.373940
0.000000,0.000000,0.00,0.00,0.06,2025-07-11T16:25:56.884258
0.000000,0.000000,0.00,0.00,0.04,2025-07-11T16:25:57.399854
0.000000,0.000000,0.00,0.00,0.10,2025-07-11T16:25:57.915346
0.000000,0.000000,0.00,0.00,0.06,2025-07-11T16:25:58.360540
0.000000,0.000000,0.00,0.00,0.07,2025-07-11T16:25:58.860879
0.000000,0.000000,0.00,0.00,0.01,2025-07-11T16:25:59.366121
0.000000,0.000000,0.00,0.00,0.03,2025-07-11T16:25:59.863873
0.000000,0.000000,0.00,0.00,0.03,2025-07-11T16:26:00.380007
0.000000,0.000000,0.00,0.00,0.03,2025-07-11T16:26:00.881360
0.000000,0.000000,0.00,0.00,0.03,2025-07-11T16:26:01.393239
0.000000,0.000000,0.00,0.00,0.02,2025-07-11T16:26:01.910422
0.000000,0.000000,0.00,0.00,0.02,2025-07-11T16:26:02.522925
0.000000,0.000000,0.00,0.00,0.02,2025-07-11T16:26:02.927892
0.000000,0.000000,0.00,0.00,0.02,2025-07-11T16:26:03.379091
0.000000,0.000000,0.00,0.00,0.02,2025-07-11T16:26:03.874339
0.000000,0.000000,0.00,0.00,0.02,2025-07-11T16:26:04.377443
0.000000,0.000000,0.00,0.00,0.02,2025-07-11T16:26:04.880833
0.000000,0.000000,0.00,0.00,0.02,2025-07-11T16:26:05.387623
0.000000,0.000000,0.00,0.00,0.02,2025-07-11T16:26:05.899140
0.000000,0.000000,0.00,0.00,0.02,2025-07-11T16:26:06.410498
0.000000,0.000000,0.00,0.00,0.02,2025-07-11T16:26:06.924551
0.000000,0.000000,0.00,0.00,0.02,2025-07-11T16:26:07.433626
0.000000,0.000000,0.00,0.00,0.02,2025-07-11T16:26:07.941608
0.000000,0.000000,0.00,0.00,0.02,2025-07-11T16:26:08.387304
0.000000,0.000000,0.00,0.00,0.02,2025-07-11T16:26:08.889179
0.000000,0.000000,0.00,0.00,0.02,2025-07-11T16:26:09.391544
0.000000,0.000000,0.00,0.00,0.02,2025-07-11T16:26:09.892769
0.000000,0.000000,0.00,0.00,0.02,2025-07-11T16:26:10.403453
0.000000,0.000000,0.00,0.00,0.02,2025-07-11T16:26:10.918024
0.000000,0.000000,0.00,0.00,0.02,2025-07-11T16:26:11.432513
0.000000,0.000000,0.00,0.00,0.02,2025-07-11T16:26:11.942193
0.000000,0.000000,0.00,0.00,0.02,2025-07-11T16:26:12.447351
0.000000,0.000000,0.00,0.00,0.02,2025-07-11T16:26:12.899985
0.000000,0.000000,0.00,0.00,0.01,2025-07-11T16:26:13.401550
0.000000,0.000000,0.00,0.00,0.03,2025-07-11T16:26:13.903922
0.000000,0.000000,0.00,0.00,0.02,2025-07-11T16:26:14.405924
0.000000,0.000000,0.00,0.00,0.02,2025-07-11T16:26:14.909399
0.000000,0.000000,0.00,0.00,0.02,2025-07-11T16:26:15.421511
0.000000,0.000000,0.00,0.00,0.02,2025-07-11T16:26:15.933906
0.000000,0.000000,0.00,0.00,0.02,2025-07-11T16:26:16.471222
0.000000,0.000000,0.00,0.00,0.02,2025-07-11T16:26:16.957305
0.000000,0.000000,0.00,0.00,0.02,2025-07-11T16:26:17.471536
0.000000,0.000000,0.00,0.00,0.02,2025-07-11T16:26:17.914414
0.000000,0.000000,0.00,0.00,0.04,2025-07-11T16:26:18.421184
0.000000,0.000000,0.00,0.00,0.01,2025-07-11T16:26:18.918488
0.000000,0.000000,0.00,0.00,0.03,2025-07-11T16:26:19.420368
0.000000,0.000000,0.00,0.00,0.01,2025-07-11T16:26:19.927252
0.000000,0.000000,0.00,0.00,0.02,2025-07-11T16:26:20.436942
0.000000,0.000000,0.00,0.00,0.04,2025-07-11T16:26:20.951101
0.000000,0.000000,0.00,0.00,0.01,2025-07-11T16:26:21.466377
0.000000,0.000000,0.00,0.00,0.02,2025-07-11T16:26:21.975451
0.000000,0.000000,0.00,0.00,0.02,2025-07-11T16:26:22.497484
0.000000,0.000000,0.00,0.00,0.03,2025-07-11T16:26:22.998601
0.000000,0.000000,0.00,0.00,0.01,2025-07-11T16:26:23.436363
0.000000,0.000000,0.00,0.00,0.02,2025-07-11T16:26:23.934070
0.000000,0.000000,0.00,0.00,0.02,2025-07-11T16:26:24.437631
0.000000,0.000000,0.00,0.00,0.02,2025-07-11T16:26:24.944921
0.000000,0.000000,0.00,0.00,0.01,2025-07-11T16:26:25.456719
0.000000,0.000000,0.00,0.00,0.02,2025-07-11T16:26:25.968664
0.000000,0.000000,0.00,0.00,0.02,2025-07-11T16:26:26.481016
0.000000,0.000000,0.00,0.00,0.02,2025-07-11T16:26:26.992691
0.000000,0.000000,0.00,0.00,0.02,2025-07-11T16:26:27.508144
0.000000,0.000000,0.00,0.00,0.02,2025-07-11T16:26:27.945037
0.000000,0.000000,0.00,0.00,0.02,2025-07-11T16:26:28.446532
0.000000,0.000000,0.00,0.00,0.02,2025-07-11T16:26:28.949919
0.000000,0.000000,0.00,0.00,0.07,2025-07-11T16:26:29.454807
0.000000,0.000000,0.00,0.00,0.02,2025-07-11T16:26:29.962747
0.000000,0.000000,0.00,0.00,0.02,2025-07-11T16:26:30.475198
0.000000,0.000000,0.00,0.00,0.02,2025-07-11T16:26:30.986884
0.000000,0.000000,0.00,0.00,0.03,2025-07-11T16:26:31.498097
0.000000,0.000000,0.00,0.00,0.01,2025-07-11T16:26:32.022272
0.000000,0.000000,0.00,0.00,0.02,2025-07-11T16:26:32.457891
0.000000,0.000000,0.00,0.00,0.02,2025-07-11T16:26:32.959925
0.000000,0.000000,0.00,0.00,0.02,2025-07-11T16:26:33.464569
0.000000,0.000000,0.00,0.00,0.02,2025-07-11T16:26:33.963564
0.000000,0.000000,0.00,0.00,0.02,2025-07-11T16:26:34.468267
0.000000,0.000000,0.00,0.00,0.02,2025-07-11T16:26:34.974460
0.000000,0.000000,0.00,0.00,0.02,2025-07-11T16:26:35.490989
0.000000,0.000000,0.00,0.00,0.01,2025-07-11T16:26:36.004780
0.000000,0.000000,0.00,0.00,0.02,2025-07-11T16:26:36.515713
0.000000,0.000000,0.00,0.00,0.02,2025-07-11T16:26:37.027580
0.000000,0.000000,0.00,0.00,0.01,2025-07-11T16:26:37.472107
0.000000,0.000000,0.00,0.00,0.02,2025-07-11T16:26:37.974880
0.000000,0.000000,0.00,0.00,0.02,2025-07-11T16:26:38.475498
0.000000,0.000000,0.00,0.00,0.01,2025-07-11T16:26:38.982516
0.000000,0.000000,0.00,0.00,0.02,2025-07-11T16:26:39.485756
0.000000,0.000000,0.00,0.00,0.02,2025-07-11T16:26:39.997881
0.000000,0.000000,0.00,0.00,0.02,2025-07-11T16:26:40.498489
0.000000,0.000000,0.00,0.00,0.02,2025-07-11T16:26:41.025997
0.000000,0.000000,0.00,0.00,0.02,2025-07-11T16:26:41.533939
0.000000,0.000000,0.00,0.00,0.01,2025-07-11T16:26:42.045968
0.000000,0.000000,0.00,0.00,0.02,2025-07-11T16:26:42.486326
0.000000,0.000000,0.00,0.00,0.02,2025-07-11T16:26:42.987437
0.000000,0.000000,0.00,0.00,0.01,2025-07-11T16:26:43.489613
0.000000,0.000000,0.00,0.00,0.02,2025-07-11T16:26:43.996877
0.000000,0.000000,0.00,0.00,0.02,2025-07-11T16:26:44.511750
0.000000,0.000000,0.00,0.00,0.01,2025-07-11T16:26:45.015826
0.000000,0.000000,0.00,0.00,0.02,2025-07-11T16:26:45.526806
0.000000,0.000000,0.00,0.00,0.01,2025-07-11T16:26:46.039539
0.000000,0.000000,0.00,0.00,0.01,2025-07-11T16:26:46.550618
0.000000,0.000000,0.00,0.00,0.02,2025-07-11T16:26:46.998462
0.000000,0.000000,0.00,0.00,0.02,2025-07-11T16:26:47.500947
0.000000,0.000000,0.00,0.00,0.02,2025-07-11T16:26:48.002511
0.000000,0.000000,0.00,0.00,0.02,2025-07-11T16:26:48.504241
0.000000,0.000000,0.00,0.00,0.01,2025-07-11T16:26:49.008762
0.000000,0.000000,0.00,0.00,0.02,2025-07-11T16:26:49.520461
0.000000,0.000000,0.00,0.00,0.02,2025-07-11T16:26:50.028492
0.000000,0.000000,0.00,0.00,0.01,2025-07-11T16:26:50.545015
0.000000,0.000000,0.00,0.00,0.02,2025-07-11T16:26:51.063914
0.000000,0.000000,0.00,0.00,0.02,2025-07-11T16:26:51.566873
0.000000,0.000000,0.00,0.00,0.01,2025-07-11T16:26:52.014332
0.000000,0.000000,0.00,0.00,0.01,2025-07-11T16:26:52.514452
0.000000,0.000000,0.00,0.00,0.02,2025-07-11T16:26:53.016417
0.000000,0.000000,0.00,0.00,0.02,2025-07-11T16:26:53.519594
0.000000,0.000000,0.00,0.00,0.01,2025-07-11T16:26:54.024393
0.000000,0.000000,0.00,0.00,0.02,2025-07-11T16:26:54.534866
0.000000,0.000000,0.00,0.00,0.02,2025-07-11T16:26:55.049687
0.000000,0.000000,0.00,0.00,0.01,2025-07-11T16:26:55.563069
0.000000,0.000000,0.00,0.00,0.02,2025-07-11T16:26:56.074673
0.000000,0.000000,0.00,0.00,0.01,2025-07-11T16:26:56.587894
0.000000,0.000000,0.00,0.00,0.03,2025-07-11T16:26:57.027431
0.000000,0.000000,0.00,0.00,0.01,2025-07-11T16:26:57.535100
0.000000,0.000000,0.00,0.00,0.03,2025-07-11T16:26:58.035395
0.000000,0.000000,0.00,0.00,0.01,2025-07-11T16:26:58.535935
0.000000,0.000000,0.00,0.00,0.01,2025-07-11T16:26:59.053068
0.000000,0.000000,0.00,0.00,0.03,2025-07-11T16:26:59.556262
0.000000,0.000000,0.00,0.00,0.01,2025-07-11T16:27:00.066898
0.000000,0.000000,0.00,0.00,0.04,2025-07-11T16:27:00.583649
0.000000,0.000000,0.00,0.00,0.01,2025-07-11T16:27:01.090650
0.000000,0.000000,0.00,0.00,0.02,2025-07-11T16:27:01.613183
0.000000,0.000000,0.00,0.00,0.02,2025-07-11T16:27:02.043091
0.000000,0.000000,0.00,0.00,0.02,2025-07-11T16:27:02.546474
0.000000,0.000000,0.00,0.00,0.01,2025-07-11T16:27:03.047501
0.000000,0.000000,0.00,0.00,0.02,2025-07-11T16:27:03.550241
0.000000,0.000000,0.00,0.00,0.02,2025-07-11T16:27:04.061244
0.000000,0.000000,0.00,0.00,0.02,2025-07-11T16:27:04.574035
0.000000,0.000000,0.00,0.00,0.02,2025-07-11T16:27:05.099248
0.000000,0.000000,0.00,0.00,0.02,2025-07-11T16:27:05.622482
0.000000,0.000000,0.00,0.00,0.01,2025-07-11T16:27:06.106288
0.000000,0.000000,0.00,0.00,0.02,2025-07-11T16:27:06.558022
0.000000,0.000000,0.00,0.00,0.02,2025-07-11T16:27:07.065768
0.000000,0.000000,0.00,0.00,0.02,2025-07-11T16:27:07.562843
0.000000,0.000000,0.00,0.00,0.02,2025-07-11T16:27:08.065745
0.000000,0.000000,0.00,0.00,0.01,2025-07-11T16:27:08.567536
0.000000,0.000000,0.00,0.00,0.02,2025-07-11T16:27:09.079520
0.000000,0.000000,0.00,0.00,0.02,2025-07-11T16:27:09.591444
0.000000,0.000000,0.00,0.00,0.01,2025-07-11T16:27:10.102602
0.000000,0.000000,0.00,0.00,0.02,2025-07-11T16:27:10.615151
0.000000,0.000000,0.00,0.00,0.01,2025-07-11T16:27:11.129605
0.000000,0.000000,0.00,0.00,0.03,2025-07-11T16:27:11.573080
0.000000,0.000000,0.00,0.00,0.02,2025-07-11T16:27:12.158276
0.000000,0.000000,0.00,0.00,0.02,2025-07-11T16:27:12.576006
0.000000,0.000000,0.00,0.00,0.02,2025-07-11T16:27:13.091704
0.000000,0.000000,0.00,0.00,0.02,2025-07-11T16:27:13.588773
0.000000,0.000000,0.00,0.00,0.02,2025-07-11T16:27:14.096926
0.000000,0.000000,0.00,0.00,0.02,2025-07-11T16:27:14.616425
0.000000,0.000000,0.00,0.00,0.01,2025-07-11T16:27:15.121158
0.000000,0.000000,0.00,0.00,0.02,2025-07-11T16:27:15.631229
0.000000,0.000000,0.00,0.00,0.01,2025-07-11T16:27:16.164259
0.000000,0.000000,0.00,0.00,0.02,2025-07-11T16:27:16.585514
0.000000,0.000000,0.00,0.00,0.02,2025-07-11T16:27:17.088945
0.000000,0.000000,0.00,0.00,0.01,2025-07-11T16:27:17.589634
0.000000,0.000000,0.00,0.00,0.02,2025-07-11T16:27:18.094346
0.000000,0.000000,0.00,0.00,0.02,2025-07-11T16:27:18.602157
0.000000,0.000000,0.00,0.00,0.02,2025-07-11T16:27:19.114067
0.000000,0.000000,0.00,0.00,0.02,2025-07-11T16:27:19.623063
0.000000,0.000000,0.00,0.00,0.02,2025-07-11T16:27:20.239755
0.000000,0.000000,0.00,0.00,0.02,2025-07-11T16:27:20.657821
0.000000,0.000000,0.00,0.00,0.01,2025-07-11T16:27:21.098828
0.000000,0.000000,0.00,0.00,0.01,2025-07-11T16:27:21.605355
0.000000,0.000000,0.00,0.00,0.02,2025-07-11T16:27:22.102798
0.000000,0.000000,0.00,0.00,0.02,2025-07-11T16:27:22.605875
0.000000,0.000000,0.00,0.00,0.02,2025-07-11T16:27:23.130305
0.000000,0.000000,0.00,0.00,0.01,2025-07-11T16:27:23.620004
0.000000,0.000000,0.00,0.00,0.02,2025-07-11T16:27:24.135945
0.000000,0.000000,0.00,0.00,0.01,2025-07-11T16:27:24.644228
0.000000,0.000000,0.00,0.00,0.01,2025-07-11T16:27:25.156542
0.000000,0.000000,0.00,0.00,0.01,2025-07-11T16:27:25.671392
0.000000,0.000000,0.00,0.00,0.02,2025-07-11T16:27:26.121083
0.000000,0.000000,0.00,0.00,0.02,2025-07-11T16:27:26.627906
0.000000,0.000000,0.00,0.00,0.01,2025-07-11T16:27:27.117571
0.000000,0.000000,0.00,0.00,0.02,2025-07-11T16:27:27.620649
0.000000,0.000000,0.00,0.00,0.02,2025-07-11T16:27:28.134104
0.000000,0.000000,0.00,0.00,0.01,2025-07-11T16:27:28.642205
0.000000,0.000000,0.00,0.00,0.02,2025-07-11T16:27:29.148875
0.000000,0.000000,0.00,0.00,0.02,2025-07-11T16:27:29.661021
0.000000,0.000000,0.00,0.00,0.02,2025-07-11T16:27:30.173686
0.000000,0.000000,0.00,0.00,0.01,2025-07-11T16:27:30.691712
0.000000,0.000000,0.00,0.00,0.02,2025-07-11T16:27:31.198752
0.000000,0.000000,0.00,0.00,0.02,2025-07-11T16:27:31.630881
0.000000,0.000000,0.00,0.00,0.02,2025-07-11T16:27:32.134815
0.000000,0.000000,0.00,0.00,0.02,2025-07-11T16:27:32.638308
0.000000,0.000000,0.00,0.00,0.02,2025-07-11T16:27:33.140886
0.000000,0.000000,0.00,0.00,0.02,2025-07-11T16:27:33.655234
0.000000,0.000000,0.00,0.00,0.02,2025-07-11T16:27:34.176831
0.000000,0.000000,0.00,0.00,0.02,2025-07-11T16:27:34.684545
0.000000,0.000000,0.00,0.00,0.02,2025-07-11T16:27:35.197118
0.000000,0.000000,0.00,0.00,0.02,2025-07-11T16:27:35.709612
0.000000,0.000000,0.00,0.00,0.01,2025-07-11T16:27:36.142903
0.000000,0.000000,0.00,0.00,0.02,2025-07-11T16:27:36.646449
0.000000,0.000000,0.00,0.00,0.02,2025-07-11T16:27:37.147943
0.000000,0.000000,0.00,0.00,0.01,2025-07-11T16:27:37.661029
0.000000,0.000000,0.00,0.00,0.01,2025-07-11T16:27:38.160402
0.000000,0.000000,0.00,0.00,0.02,2025-07-11T16:27:38.677081
0.000000,0.000000,0.00,0.00,0.02,2025-07-11T16:27:39.190149
0.000000,0.000000,0.00,0.00,0.02,2025-07-11T16:27:39.701155
0.000000,0.000000,0.00,0.00,0.02,2025-07-11T16:27:40.215196
0.000000,0.000000,0.00,0.00,0.02,2025-07-11T16:27:40.659819
0.000000,0.000000,0.00,0.00,0.01,2025-07-11T16:27:41.159465
0.000000,0.000000,0.00,0.00,0.01,2025-07-11T16:27:41.660547
0.000000,0.000000,0.00,0.00,0.02,2025-07-11T16:27:42.164833
0.000000,0.000000,0.00,0.00,0.01,2025-07-11T16:27:42.669333
0.000000,0.000000,0.00,0.00,0.01,2025-07-11T16:27:43.183525
0.000000,0.000000,0.00,0.00,0.02,2025-07-11T16:27:43.690197
0.000000,0.000000,0.00,0.00,0.02,2025-07-11T16:27:44.202894
0.000000,0.000000,0.00,0.00,0.02,2025-07-11T16:27:44.718421
0.000000,0.000000,0.00,0.00,0.01,2025-07-11T16:27:45.226234
0.000000,0.000000,0.00,0.00,0.02,2025-07-11T16:27:45.671659
0.000000,0.000000,0.00,0.00,0.01,2025-07-11T16:27:46.172683
0.000000,0.000000,0.00,0.00,0.01,2025-07-11T16:27:46.676449
0.000000,0.000000,0.00,0.00,0.01,2025-07-11T16:27:47.176781
0.000000,0.000000,0.00,0.00,0.02,2025-07-11T16:27:47.684617
0.000000,0.000000,0.00,0.00,0.01,2025-07-11T16:27:48.200598
0.000000,0.000000,0.00,0.00,0.02,2025-07-11T16:27:48.696039
0.000000,0.000000,0.00,0.00,0.02,2025-07-11T16:27:49.224566
0.000000,0.000000,0.00,0.00,0.02,2025-07-11T16:27:49.736843
0.000000,0.000000,0.00,0.00,0.01,2025-07-11T16:27:50.243551
0.000000,0.000000,0.00,0.00,0.02,2025-07-11T16:27:50.684300
0.000000,0.000000,0.00,0.00,0.01,2025-07-11T16:27:51.186332
0.000000,0.000000,0.00,0.00,0.01,2025-07-11T16:27:51.693903
0.000000,0.000000,0.00,0.00,0.02,2025-07-11T16:27:52.195291
0.000000,0.000000,0.00,0.00,0.02,2025-07-11T16:27:52.706878
0.000000,0.000000,0.00,0.00,0.01,2025-07-11T16:27:53.213632
0.000000,0.000000,0.00,0.00,0.01,2025-07-11T16:27:53.725173
0.000000,0.000000,0.00,0.00,0.01,2025-07-11T16:27:54.234287
0.000000,0.000000,0.00,0.00,0.01,2025-07-11T16:27:54.750355
0.000000,0.000000,0.00,0.00,0.02,2025-07-11T16:27:55.267104
0.000000,0.000000,0.00,0.00,0.01,2025-07-11T16:27:55.699351
0.000000,0.000000,0.00,0.00,0.01,2025-07-11T16:27:56.206261
0.000000,0.000000,0.00,0.00,0.01,2025-07-11T16:27:56.703478
0.000000,0.000000,0.00,0.00,0.01,2025-07-11T16:27:57.207260
0.000000,0.000000,0.00,0.00,0.02,2025-07-11T16:27:57.719314
0.000000,0.000000,0.00,0.00,0.01,2025-07-11T16:27:58.239867
0.000000,0.000000,0.00,0.00,0.01,2025-07-11T16:27:58.747607
0.000000,0.000000,0.00,0.00,0.02,2025-07-11T16:27:59.264215
0.000000,0.000000,0.00,0.00,0.03,2025-07-11T16:27:59.771411
0.000000,0.000000,0.00,0.00,0.01,2025-07-11T16:28:00.213877
0.000000,0.000000,0.00,0.00,0.01,2025-07-11T16:28:00.712957
0.000000,0.000000,0.00,0.00,0.02,2025-07-11T16:28:01.215187
0.000000,0.000000,0.00,0.00,0.03,2025-07-11T16:28:01.719987
0.000000,0.000000,0.00,0.00,0.02,2025-07-11T16:28:02.327456
0.000000,0.000000,0.00,0.00,0.02,2025-07-11T16:28:02.741352
0.000000,0.000000,0.00,0.00,0.02,2025-07-11T16:28:03.248215
0.000000,0.000000,0.00,0.00,0.02,2025-07-11T16:28:03.764940
0.000000,0.000000,0.00,0.00,0.02,2025-07-11T16:28:04.278979
0.000000,0.000000,0.00,0.00,0.02,2025-07-11T16:28:04.789201
0.000000,0.000000,0.00,0.00,0.02,2025-07-11T16:28:05.225427
0.000000,0.000000,0.00,0.00,0.02,2025-07-11T16:28:05.728986
0.000000,0.000000,0.00,0.00,0.02,2025-07-11T16:28:06.229282
0.000000,0.000000,0.00,0.00,0.02,2025-07-11T16:28:06.738568
0.000000,0.000000,0.00,0.00,0.01,2025-07-11T16:28:07.242398
0.000000,0.000000,0.00,0.00,0.02,2025-07-11T16:28:07.751618
0.000000,0.000000,0.00,0.00,0.01,2025-07-11T16:28:08.271650
0.000000,0.000000,0.00,0.00,0.03,2025-07-11T16:28:08.777556
0.000000,0.000000,0.00,0.00,0.01,2025-07-11T16:28:09.290272
0.000000,0.000000,0.00,0.00,0.02,2025-07-11T16:28:09.739241
0.000000,0.000000,0.00,0.00,0.01,2025-07-11T16:28:10.241839
0.000000,0.000000,0.00,0.00,0.02,2025-07-11T16:28:10.743525
0.000000,0.000000,0.00,0.00,0.02,2025-07-11T16:28:11.248415
0.000000,0.000000,0.00,0.00,0.01,2025-07-11T16:28:11.753911
0.000000,0.000000,0.00,0.00,0.01,2025-07-11T16:28:12.260115
0.000000,0.000000,0.00,0.00,0.01,2025-07-11T16:28:12.771002
0.000000,0.000000,0.00,0.00,0.01,2025-07-11T16:28:13.284167
0.000000,0.000000,0.00,0.00,0.02,2025-07-11T16:28:13.796839
0.000000,0.000000,0.00,0.00,0.02,2025-07-11T16:28:14.320674
0.000000,0.000000,0.00,0.00,0.03,2025-07-11T16:28:14.756882
0.000000,0.000000,0.00,0.00,0.01,2025-07-11T16:28:15.259029
0.000000,0.000000,0.00,0.00,0.01,2025-07-11T16:28:15.763805
0.000000,0.000000,0.00,0.00,0.10,2025-07-11T16:28:16.266315
0.000000,0.000000,0.00,0.00,0.05,2025-07-11T16:28:16.766228
0.000000,0.000000,0.00,0.00,0.13,2025-07-11T16:28:17.276820
0.000000,0.000000,0.00,0.00,0.26,2025-07-11T16:28:17.789519
0.000000,0.000000,0.00,0.00,0.32,2025-07-11T16:28:18.301372
0.000000,0.000000,0.00,0.00,0.13,2025-07-11T16:28:18.814138
0.000000,0.000000,0.00,0.00,0.05,2025-07-11T16:28:19.325877
0.000000,0.000000,0.00,0.00,0.09,2025-07-11T16:28:19.776494
0.000000,0.000000,0.00,0.00,0.00,2025-07-11T16:28:25.296100
0.000000,0.000000,0.00,0.00,0.01,2025-07-11T16:28:25.793819
0.000000,0.000000,0.00,0.00,0.00,2025-07-11T16:28:26.295787
0.000000,0.000000,0.00,0.00,0.01,2025-07-11T16:28:26.800801
0.000000,0.000000,0.00,0.00,0.00,2025-07-11T16:28:27.314868
0.000000,0.000000,0.00,0.00,0.01,2025-07-11T16:28:27.824808
0.000000,0.000000,0.00,0.00,0.01,2025-07-11T16:28:28.336848
0.000000,0.000000,0.00,0.00,0.00,2025-07-11T16:28:28.856100
0.000000,0.000000,0.00,0.00,0.01,2025-07-11T16:28:29.360820
0.000000,0.000000,0.00,0.00,0.00,2025-07-11T16:28:29.806564
0.000000,0.000000,0.00,0.00,0.00,2025-07-11T16:28:30.312894
0.000000,0.000000,0.00,0.00,0.00,2025-07-11T16:28:30.810112
0.000000,0.000000,0.00,0.00,0.01,2025-07-11T16:28:31.312682
0.000000,0.000000,0.00,0.00,0.00,2025-07-11T16:28:31.818284
0.000000,0.000000,0.00,0.00,0.00,2025-07-11T16:28:32.338397
0.000000,0.000000,0.00,0.00,0.01,2025-07-11T16:28:32.834093
0.000000,0.000000,0.00,0.00,0.01,2025-07-11T16:28:33.353866
0.000000,0.000000,0.00,0.00,0.00,2025-07-11T16:28:33.865140
0.000000,0.000000,0.00,0.00,0.00,2025-07-11T16:28:34.378590
0.000000,0.000000,0.00,0.00,0.00,2025-07-11T16:28:34.817909
0.000000,0.000000,0.00,0.00,0.00,2025-07-11T16:28:35.319814
0.000000,0.000000,0.00,0.00,0.01,2025-07-11T16:28:35.821476
0.000000,0.000000,0.00,0.00,0.00,2025-07-11T16:28:36.324480
0.000000,0.000000,0.00,0.00,0.01,2025-07-11T16:28:36.835968
0.000000,0.000000,0.00,0.00,0.01,2025-07-11T16:28:37.354440
0.000000,0.000000,0.00,0.00,0.01,2025-07-11T16:28:37.966891
0.000000,0.000000,0.00,0.00,0.01,2025-07-11T16:28:38.371310
0.000000,0.000000,0.00,0.00,0.01,2025-07-11T16:28:38.883712
0.000000,0.000000,0.00,0.00,0.01,2025-07-11T16:28:39.331450
0.000000,0.000000,0.00,0.00,0.00,2025-07-11T16:28:39.837804
0.000000,0.000000,0.00,0.00,0.01,2025-07-11T16:28:40.336783
0.000000,0.000000,0.00,0.00,0.00,2025-07-11T16:28:40.837845
0.000000,0.000000,0.00,0.00,0.00,2025-07-11T16:28:41.341328
0.000000,0.000000,0.00,0.00,0.01,2025-07-11T16:28:41.845841
0.000000,0.000000,0.00,0.00,0.00,2025-07-11T16:28:42.359195
0.000000,0.000000,0.00,0.00,0.02,2025-07-11T16:28:42.877766
0.000000,0.000000,0.00,0.00,0.01,2025-07-11T16:28:43.384209
0.000000,0.000000,0.00,0.00,0.02,2025-07-11T16:28:43.901494
0.000000,0.000000,0.00,0.00,0.01,2025-07-11T16:28:44.347350
0.000000,0.000000,0.00,0.00,0.01,2025-07-11T16:28:44.847831
0.000000,0.000000,0.00,0.00,0.01,2025-07-11T16:28:45.349893
0.000000,0.000000,0.00,0.00,0.04,2025-07-11T16:28:45.852424
0.000000,0.000000,0.00,0.00,0.01,2025-07-11T16:28:46.357343
0.000000,0.000000,0.00,0.00,0.00,2025-07-11T16:28:46.863916
0.000000,0.000000,0.00,0.00,0.00,2025-07-11T16:28:47.388119
0.000000,0.000000,0.00,0.00,0.01,2025-07-11T16:28:47.894524
0.000000,0.000000,0.00,0.00,0.01,2025-07-11T16:28:48.409804
0.000000,0.000000,0.00,0.00,0.01,2025-07-11T16:28:48.927484
0.000000,0.000000,0.00,0.00,0.01,2025-07-11T16:28:49.360709
0.000000,0.000000,0.00,0.00,0.01,2025-07-11T16:28:49.866658
0.000000,0.000000,0.00,0.00,0.00,2025-07-11T16:28:50.365289
0.000000,0.000000,0.00,0.00,0.01,2025-07-11T16:28:50.869755
0.000000,0.000000,0.00,0.00,0.01,2025-07-11T16:28:51.377420
0.000000,0.000000,0.00,0.00,0.00,2025-07-11T16:28:51.888932
0.000000,0.000000,0.00,0.00,0.00,2025-07-11T16:28:52.401010
0.000000,0.000000,0.00,0.00,0.02,2025-07-11T16:28:52.917759
0.000000,0.000000,0.00,0.00,0.02,2025-07-11T16:28:53.428937
0.000000,0.000000,0.00,0.00,0.01,2025-07-11T16:28:53.872809
0.000000,0.000000,0.00,0.00,0.01,2025-07-11T16:28:54.378770
0.000000,0.000000,0.00,0.00,0.01,2025-07-11T16:28:54.876451
0.000000,0.000000,0.00,0.00,0.01,2025-07-11T16:28:55.378933
0.000000,0.000000,0.00,0.00,0.01,2025-07-11T16:28:55.882670
0.000000,0.000000,0.00,0.00,0.01,2025-07-11T16:28:56.394326
0.000000,0.000000,0.00,0.00,0.01,2025-07-11T16:28:56.895834
0.000000,0.000000,0.00,0.00,0.01,2025-07-11T16:28:57.417506
0.000000,0.000000,0.00,0.00,0.01,2025-07-11T16:28:57.929303
0.000000,0.000000,0.00,0.00,0.01,2025-07-11T16:28:58.442223
0.000000,0.000000,0.00,0.00,0.01,2025-07-11T16:28:58.958751
0.000000,0.000000,0.00,0.00,0.39,2025-07-11T16:28:59.390914
0.000000,0.000000,0.00,0.00,0.02,2025-07-11T16:28:59.890375
0.000000,0.000000,0.00,0.00,0.03,2025-07-11T16:29:00.395319
0.000000,0.000000,0.00,0.00,0.01,2025-07-11T16:29:00.899972
0.000000,0.000000,0.00,0.00,0.00,2025-07-11T16:29:01.410135
0.000000,0.000000,0.00,0.00,0.00,2025-07-11T16:29:01.925633
0.000000,0.000000,0.00,0.00,0.01,2025-07-11T16:29:02.437038
0.000000,0.000000,0.00,0.00,0.00,2025-07-11T16:29:02.948257
0.000000,0.000000,0.00,0.00,0.01,2025-07-11T16:29:03.459763
0.000000,0.000000,0.00,0.00,0.00,2025-07-11T16:29:03.902262
0.000000,0.000000,0.00,0.00,0.01,2025-07-11T16:29:04.403388
0.000000,0.000000,0.00,0.00,0.01,2025-07-11T16:29:04.904784
0.000000,0.000000,0.00,0.00,0.00,2025-07-11T16:29:05.406085
0.000000,0.000000,0.00,0.00,0.01,2025-07-11T16:29:05.916067
0.000000,0.000000,0.00,0.00,0.01,2025-07-11T16:29:06.429363
0.000000,0.000000,0.00,0.00,0.00,2025-07-11T16:29:06.941847
0.000000,0.000000,0.00,0.00,0.00,2025-07-11T16:29:07.456596
0.000000,0.000000,0.00,0.00,0.00,2025-07-11T16:29:07.964584
0.000000,0.000000,0.00,0.00,0.01,2025-07-11T16:29:08.412479
0.000000,0.000000,0.00,0.00,0.00,2025-07-11T16:29:08.917531
0.000000,0.000000,0.00,0.00,0.01,2025-07-11T16:29:09.419793
0.000000,0.000000,0.00,0.00,0.01,2025-07-11T16:29:09.918880
0.000000,0.000000,0.00,0.00,0.01,2025-07-11T16:29:10.424825
0.000000,0.000000,0.00,0.00,0.01,2025-07-11T16:29:10.935061
0.000000,0.000000,0.00,0.00,0.01,2025-07-11T16:29:11.447441
0.000000,0.000000,0.00,0.00,0.00,2025-07-11T16:29:11.960460
0.000000,0.000000,0.00,0.00,0.00,2025-07-11T16:29:12.476448
0.000000,0.000000,0.00,0.00,0.00,2025-07-11T16:29:12.982220
0.000000,0.000000,0.00,0.00,0.00,2025-07-11T16:29:13.433724
0.000000,0.000000,0.00,0.00,0.01,2025-07-11T16:29:14.010424
0.000000,0.000000,0.00,0.00,0.01,2025-07-11T16:29:14.428760
0.000000,0.000000,0.00,0.00,0.01,2025-07-11T16:29:14.940872
0.000000,0.000000,0.00,0.00,0.00,2025-07-11T16:29:15.440834
0.000000,0.000000,0.00,0.00,0.00,2025-07-11T16:29:15.956119
0.000000,0.000000,0.00,0.00,0.01,2025-07-11T16:29:16.464397
0.000000,0.000000,0.00,0.00,0.01,2025-07-11T16:29:16.982066
0.000000,0.000000,0.00,0.00,0.00,2025-07-11T16:29:17.489275
0.000000,0.000000,0.00,0.00,0.01,2025-07-11T16:29:17.937016
0.000000,0.000000,0.00,0.00,0.01,2025-07-11T16:29:18.439188
0.000000,0.000000,0.00,0.00,0.00,2025-07-11T16:29:18.943287
0.000000,0.000000,0.00,0.00,0.00,2025-07-11T16:29:19.441806
0.000000,0.000000,0.00,0.00,0.00,2025-07-11T16:29:20.058767
0.000000,0.000000,0.00,0.00,0.01,2025-07-11T16:29:20.458255
0.000000,0.000000,0.00,0.00,0.00,2025-07-11T16:29:20.970540
0.000000,0.000000,0.00,0.00,0.01,2025-07-11T16:29:21.483067
0.000000,0.000000,0.00,0.00,0.03,2025-07-11T16:29:21.999264
0.000000,0.000000,0.00,0.00,0.00,2025-07-11T16:29:22.506902
0.000000,0.000000,0.00,0.00,0.00,2025-07-11T16:29:22.952481
0.000000,0.000000,0.00,0.00,0.00,2025-07-11T16:29:23.452906
0.000000,0.000000,0.00,0.00,0.01,2025-07-11T16:29:23.955620
0.000000,0.000000,0.00,0.00,0.00,2025-07-11T16:29:24.456778
0.000000,0.000000,0.00,0.00,0.01,2025-07-11T16:29:24.968464
0.000000,0.000000,0.00,0.00,0.00,2025-07-11T16:29:25.474233
0.000000,0.000000,0.00,0.00,0.00,2025-07-11T16:29:25.986769
0.000000,0.000000,0.00,0.00,0.01,2025-07-11T16:29:26.499595
0.000000,0.000000,0.00,0.00,0.08,2025-07-11T16:29:27.011273
0.000000,0.000000,0.00,0.00,0.01,2025-07-11T16:29:27.527948
0.000000,0.000000,0.00,0.00,0.01,2025-07-11T16:29:27.970789
0.000000,0.000000,0.00,0.00,0.01,2025-07-11T16:29:28.467577
0.000000,0.000000,0.00,0.00,0.01,2025-07-11T16:29:28.970292
0.000000,0.000000,0.00,0.00,0.01,2025-07-11T16:29:29.474686
0.000000,0.000000,0.00,0.00,0.01,2025-07-11T16:29:29.981747
0.000000,0.000000,0.00,0.00,0.00,2025-07-11T16:29:30.493586
0.000000,0.000000,0.00,0.00,0.00,2025-07-11T16:29:31.006182
0.000000,0.000000,0.00,0.00,0.00,2025-07-11T16:29:31.522311
0.000000,0.000000,0.00,0.00,0.01,2025-07-11T16:29:32.036543
0.000000,0.000000,0.00,0.00,0.01,2025-07-11T16:29:32.477846
0.000000,0.000000,0.00,0.00,0.01,2025-07-11T16:29:32.983407
0.000000,0.000000,0.00,0.00,0.00,2025-07-11T16:29:33.484858
0.000000,0.000000,0.00,0.00,0.00,2025-07-11T16:29:57.842951
0.000000,0.000000,0.00,0.00,0.00,2025-07-11T16:29:58.341245
0.000000,0.000000,0.00,0.00,0.01,2025-07-11T16:29:58.858264
0.000000,0.000000,0.00,0.00,0.00,2025-07-11T16:29:59.292121
0.000000,0.000000,0.00,0.00,0.00,2025-07-11T16:29:59.797644
0.000000,0.000000,0.00,0.00,0.00,2025-07-11T16:30:00.294731
0.000000,0.000000,0.00,0.00,0.00,2025-07-11T16:30:00.803466
0.000000,0.000000,0.00,0.00,0.01,2025-07-11T16:30:01.310092
0.000000,0.000000,0.00,0.00,0.01,2025-07-11T16:30:01.831275
0.000000,0.000000,0.00,0.00,0.01,2025-07-11T16:30:02.334256
0.000000,0.000000,0.00,0.00,0.01,2025-07-11T16:30:02.849288
0.000000,0.000000,0.00,0.00,0.01,2025-07-11T16:30:03.356790
0.000000,0.000000,0.00,0.00,0.01,2025-07-11T16:30:03.801496
0.000000,0.000000,0.00,0.00,0.00,2025-07-11T16:30:04.297915
0.000000,0.000000,0.00,0.00,0.01,2025-07-11T16:30:04.800830
0.000000,0.000000,0.00,0.00,0.00,2025-07-11T16:30:05.318092
0.000000,0.000000,0.00,0.00,0.01,2025-07-11T16:30:05.821448
0.000000,0.000000,0.00,0.00,0.01,2025-07-11T16:30:06.331289
0.000000,0.000000,0.00,0.00,0.00,2025-07-11T16:30:06.844668
0.000000,0.000000,0.00,0.00,0.00,2025-07-11T16:30:07.357214
0.000000,0.000000,0.00,0.00,0.00,2025-07-11T16:30:07.862166
0.000000,0.000000,0.00,0.00,0.01,2025-07-11T16:30:08.378516
0.000000,0.000000,0.00,0.00,0.00,2025-07-11T16:30:08.821407
0.000000,0.000000,0.00,0.00,0.00,2025-07-11T16:30:09.320412
0.000000,0.000000,0.00,0.00,0.01,2025-07-11T16:30:09.825294
0.000000,0.000000,0.00,0.00,0.00,2025-07-11T16:30:10.326656
0.000000,0.000000,0.00,0.00,0.00,2025-07-11T16:30:10.833688
0.000000,0.000000,0.00,0.00,0.01,2025-07-11T16:30:11.342975
0.000000,0.000000,0.00,0.00,0.00,2025-07-11T16:30:11.862837
0.000000,0.000000,0.00,0.00,0.01,2025-07-11T16:30:12.361252
0.000000,0.000000,0.00,0.00,0.01,2025-07-11T16:30:12.886358
0.000000,0.000000,0.00,0.00,0.00,2025-07-11T16:30:13.329021
0.000000,0.000000,0.00,0.00,0.00,2025-07-11T16:30:13.835674
0.000000,0.000000,0.00,0.00,0.00,2025-07-11T16:30:14.330284
0.000000,0.000000,0.00,0.00,0.00,2025-07-11T16:30:14.837300
0.000000,0.000000,0.00,0.00,0.00,2025-07-11T16:30:15.351016
0.000000,0.000000,0.00,0.00,0.00,2025-07-11T16:30:15.852470
0.000000,0.000000,0.00,0.00,0.01,2025-07-11T16:30:16.369060
0.000000,0.000000,0.00,0.00,0.00,2025-07-11T16:30:16.876078
0.000000,0.000000,0.00,0.00,0.00,2025-07-11T16:30:17.384461
0.000000,0.000000,0.00,0.00,0.00,2025-07-11T16:30:17.889761
0.000000,0.000000,0.00,0.00,0.02,2025-07-11T16:30:18.356695
0.000000,0.000000,0.00,0.00,0.01,2025-07-11T16:30:18.852816
0.000000,0.000000,0.00,0.00,0.00,2025-07-11T16:30:19.352078
0.000000,0.000000,0.00,0.00,0.00,2025-07-11T16:30:19.948914
0.000000,0.000000,0.00,0.00,0.00,2025-07-11T16:30:20.361253
0.000000,0.000000,0.00,0.00,0.00,2025-07-11T16:30:20.869530
0.000000,0.000000,0.00,0.00,0.00,2025-07-11T16:30:21.388439
0.000000,0.000000,0.00,0.00,0.00,2025-07-11T16:30:21.887508
0.000000,0.000000,0.00,0.00,0.00,2025-07-11T16:30:22.407188
0.000000,0.000000,0.00,0.00,0.01,2025-07-11T16:30:22.915867
0.000000,0.000000,0.00,0.00,0.01,2025-07-11T16:30:23.360130
0.000000,0.000000,0.00,0.00,0.01,2025-07-11T16:30:23.863303
0.000000,0.000000,0.00,0.00,0.07,2025-07-11T16:30:24.358056
0.000000,0.000000,0.00,0.00,0.01,2025-07-11T16:30:24.868846
0.000000,0.000000,0.00,0.00,0.01,2025-07-11T16:30:25.382319
0.000000,0.000000,0.00,0.00,0.03,2025-07-11T16:30:25.889505
0.000000,0.000000,0.00,0.00,0.01,2025-07-11T16:30:26.403053
0.000000,0.000000,0.00,0.00,0.01,2025-07-11T16:30:26.911095
0.000000,0.000000,0.00,0.00,0.01,2025-07-11T16:30:27.417983
0.000000,0.000000,0.00,0.00,0.01,2025-07-11T16:30:27.873060
0.000000,0.000000,0.00,0.00,0.01,2025-07-11T16:30:28.373723
0.000000,0.000000,0.00,0.00,0.02,2025-07-11T16:30:28.876489
0.000000,0.000000,0.00,0.00,0.02,2025-07-11T16:30:29.382301
0.000000,0.000000,0.00,0.00,0.01,2025-07-11T16:30:29.882324
0.000000,0.000000,0.00,0.00,0.00,2025-07-11T16:30:30.392180
0.000000,0.000000,0.00,0.00,0.01,2025-07-11T16:30:30.900176
0.000000,0.000000,0.00,0.00,0.01,2025-07-11T16:30:31.416863
0.000000,0.000000,0.00,0.00,0.03,2025-07-11T16:30:31.938560
0.000000,0.000000,0.00,0.00,0.01,2025-07-11T16:30:32.442658
0.000000,0.000000,0.00,0.00,0.02,2025-07-11T16:30:32.890525
0.000000,0.000000,0.00,0.00,0.00,2025-07-11T16:30:33.408211
0.000000,0.000000,0.00,0.00,0.00,2025-07-11T16:30:33.893671
0.000000,0.000000,0.00,0.00,0.01,2025-07-11T16:30:34.403542
0.000000,0.000000,0.00,0.00,0.00,2025-07-11T16:30:34.916304
0.000000,0.000000,0.00,0.00,0.01,2025-07-11T16:30:35.426049
0.000000,0.000000,0.00,0.00,0.01,2025-07-11T16:30:35.933401
0.000000,0.000000,0.00,0.00,0.01,2025-07-11T16:30:36.436667
0.000000,0.000000,0.00,0.00,0.01,2025-07-11T16:30:36.951732
0.000000,0.000000,0.00,0.00,0.00,2025-07-11T16:30:37.463397
0.000000,0.000000,0.00,0.00,0.01,2025-07-11T16:30:37.899272
0.000000,0.000000,0.00,0.00,0.01,2025-07-11T16:30:38.407724
0.000000,0.000000,0.00,0.00,0.01,2025-07-11T16:30:38.910083
0.000000,0.000000,0.00,0.00,0.02,2025-07-11T16:30:39.411643
0.000000,0.000000,0.00,0.00,0.01,2025-07-11T16:30:39.924898
0.000000,0.000000,0.00,0.00,0.00,2025-07-11T16:30:40.441583
0.000000,0.000000,0.00,0.00,0.01,2025-07-11T16:30:40.951850
0.000000,0.000000,0.00,0.00,0.01,2025-07-11T16:30:41.458794
0.000000,0.000000,0.00,0.00,0.02,2025-07-11T16:30:41.965814
0.000000,0.000000,0.00,0.00,0.01,2025-07-11T16:30:42.415709
0.000000,0.000000,0.00,0.00,0.01,2025-07-11T16:30:42.918960
0.000000,0.000000,0.00,0.00,0.01,2025-07-11T16:30:43.419014
0.000000,0.000000,0.00,0.00,0.01,2025-07-11T16:30:43.927439
0.000000,0.000000,0.00,0.00,0.01,2025-07-11T16:30:44.430356
0.000000,0.000000,0.00,0.00,0.02,2025-07-11T16:30:44.945884
0.000000,0.000000,0.00,0.00,0.02,2025-07-11T16:30:45.458635
0.000000,0.000000,0.00,0.00,0.01,2025-07-11T16:30:45.967033
0.000000,0.000000,0.00,0.00,0.01,2025-07-11T16:30:46.478479
0.000000,0.000000,0.00,0.00,0.01,2025-07-11T16:30:46.991387
0.000000,0.000000,0.00,0.00,0.02,2025-07-11T16:30:47.433659
0.000000,0.000000,0.00,0.00,0.01,2025-07-11T16:30:47.941310
0.000000,0.000000,0.00,0.00,0.00,2025-07-11T16:30:48.433059
0.000000,0.000000,0.00,0.00,0.00,2025-07-11T16:30:48.935332
0.000000,0.000000,0.00,0.00,0.01,2025-07-11T16:30:49.450143
0.000000,0.000000,0.00,0.00,0.00,2025-07-11T16:30:49.956193
0.000000,0.000000,0.00,0.00,0.00,2025-07-11T16:30:50.472931
0.000000,0.000000,0.00,0.00,0.01,2025-07-11T16:30:50.980312
0.000000,0.000000,0.00,0.00,0.01,2025-07-11T16:30:51.492155
0.000000,0.000000,0.00,0.00,0.01,2025-07-11T16:30:51.998375
0.000000,0.000000,0.00,0.00,0.01,2025-07-11T16:30:52.447372
0.000000,0.000000,0.00,0.00,0.01,2025-07-11T16:30:52.947114
0.000000,0.000000,0.00,0.00,0.01,2025-07-11T16:30:53.447415
0.000000,0.000000,0.00,0.00,0.01,2025-07-11T16:30:53.955173
0.000000,0.000000,0.00,0.00,0.00,2025-07-11T16:30:54.455738
0.000000,0.000000,0.00,0.00,0.02,2025-07-11T16:30:54.963416
0.000000,0.000000,0.00,0.00,0.00,2025-07-11T16:30:55.482611
0.000000,0.000000,0.00,0.00,0.01,2025-07-11T16:30:55.997359
0.000000,0.000000,0.00,0.00,0.01,2025-07-11T16:30:56.509827
0.000000,0.000000,0.00,0.00,0.01,2025-07-11T16:30:56.958019
0.000000,0.000000,0.00,0.00,0.01,2025-07-11T16:30:57.455182
0.000000,0.000000,0.00,0.00,0.01,2025-07-11T16:30:57.962419
0.000000,0.000000,0.00,0.00,0.01,2025-07-11T16:30:58.463611
0.000000,0.000000,0.00,0.00,0.01,2025-07-11T16:30:58.962709
0.000000,0.000000,0.00,0.00,0.00,2025-07-11T16:30:59.472388
0.000000,0.000000,0.00,0.00,0.01,2025-07-11T16:30:59.993601
0.000000,0.000000,0.00,0.00,0.00,2025-07-11T16:31:00.503309
0.000000,0.000000,0.00,0.00,0.02,2025-07-11T16:31:01.014795
0.000000,0.000000,0.00,0.00,0.00,2025-07-11T16:31:01.525596
0.000000,0.000000,0.00,0.00,0.00,2025-07-11T16:31:02.037498
0.000000,0.000000,0.00,0.00,0.01,2025-07-11T16:31:02.489277
0.000000,0.000000,0.00,0.00,0.00,2025-07-11T16:31:02.979532
0.000000,0.000000,0.00,0.00,0.01,2025-07-11T16:31:03.470498
0.000000,0.000000,0.00,0.00,0.01,2025-07-11T16:31:03.990603
0.000000,0.000000,0.00,0.00,0.00,2025-07-11T16:31:04.494963
0.000000,0.000000,0.00,0.00,0.01,2025-07-11T16:31:05.009752
0.000000,0.000000,0.00,0.00,0.01,2025-07-11T16:31:05.524886
0.000000,0.000000,0.00,0.00,0.00,2025-07-11T16:31:06.033235
0.000000,0.000000,0.00,0.00,0.01,2025-07-11T16:31:06.542824
0.000000,0.000000,0.00,0.00,0.00,2025-07-11T16:31:06.988205
0.000000,0.000000,0.00,0.00,0.01,2025-07-11T16:31:07.487910
0.000000,0.000000,0.00,0.00,0.01,2025-07-11T16:31:07.980752
0.000000,0.000000,0.00,0.00,0.00,2025-07-11T16:31:08.482867
0.000000,0.000000,0.00,0.00,0.03,2025-07-11T16:31:08.992708
0.000000,0.000000,0.00,0.00,0.02,2025-07-11T16:31:09.520141
0.000000,0.000000,0.00,0.00,0.01,2025-07-11T16:31:10.128376
0.000000,0.000000,0.00,0.00,0.01,2025-07-11T16:31:10.536950
0.000000,0.000000,0.00,0.00,0.01,2025-07-11T16:31:11.054792
0.000000,0.000000,0.00,0.00,0.01,2025-07-11T16:31:25.701048
0.000000,0.000000,0.00,0.00,0.00,2025-07-11T16:31:26.128261
0.000000,0.000000,0.00,0.00,0.00,2025-07-11T16:31:26.631497
0.000000,0.000000,0.00,0.00,0.00,2025-07-11T16:31:27.129319
0.000000,0.000000,0.00,0.00,0.02,2025-07-11T16:31:27.636050
0.000000,0.000000,0.00,0.00,0.00,2025-07-11T16:31:28.150711
0.000000,0.000000,0.00,0.00,0.00,2025-07-11T16:31:28.658350
0.000000,0.000000,0.00,0.00,0.01,2025-07-11T16:31:29.180267
0.000000,0.000000,0.00,0.00,0.00,2025-07-11T16:31:29.681960
0.000000,0.000000,0.00,0.00,0.01,2025-07-11T16:31:30.187749
0.000000,0.000000,0.00,0.00,0.00,2025-07-11T16:31:30.641401
0.000000,0.000000,0.00,0.00,0.00,2025-07-11T16:31:31.148317
0.000000,0.000000,0.00,0.00,0.01,2025-07-11T16:31:31.649847
0.000000,0.000000,0.00,0.00,0.01,2025-07-11T16:31:32.169427
0.000000,0.000000,0.00,0.00,0.01,2025-07-11T16:31:32.657581
0.000000,0.000000,0.00,0.00,0.01,2025-07-11T16:31:33.174425
0.000000,0.000000,0.00,0.00,0.00,2025-07-11T16:31:33.672121
0.000000,0.000000,0.00,0.00,0.01,2025-07-11T16:31:34.192036
0.000000,0.000000,0.00,0.00,0.01,2025-07-11T16:31:34.703196
0.000000,0.000000,0.00,0.00,0.01,2025-07-11T16:31:35.220126
0.000000,0.000000,0.00,0.00,0.00,2025-07-11T16:31:35.658421
0.000000,0.000000,0.00,0.00,0.01,2025-07-11T16:31:36.162990
0.000000,0.000000,0.00,0.00,0.01,2025-07-11T16:31:36.670506
0.000000,0.000000,0.00,0.00,0.18,2025-07-11T16:31:37.167376
0.000000,0.000000,0.00,0.00,0.01,2025-07-11T16:31:37.674069
0.000000,0.000000,0.00,0.00,0.01,2025-07-11T16:31:38.186969
0.000000,0.000000,0.00,0.00,0.00,2025-07-11T16:31:38.699380
0.000000,0.000000,0.00,0.00,0.00,2025-07-11T16:31:39.210140
0.000000,0.000000,0.00,0.00,0.00,2025-07-11T16:31:39.715567
0.000000,0.000000,0.00,0.00,0.01,2025-07-11T16:31:40.234354
0.000000,0.000000,0.00,0.00,0.01,2025-07-11T16:31:40.673391
0.000000,0.000000,0.00,0.00,0.14,2025-07-11T16:31:41.174996
0.000000,0.000000,0.00,0.00,0.14,2025-07-11T16:31:41.675337
0.000000,0.000000,0.00,0.00,0.02,2025-07-11T16:31:42.180012
0.000000,0.000000,0.00,0.00,0.01,2025-07-11T16:31:42.690484
0.000000,0.000000,0.00,0.00,0.01,2025-07-11T16:31:43.194458
0.000000,0.000000,0.00,0.00,0.02,2025-07-11T16:31:43.710689
0.000000,0.000000,0.00,0.00,0.01,2025-07-11T16:31:44.228221
0.000000,0.000000,0.00,0.00,0.02,2025-07-11T16:31:44.739433
0.000000,0.000000,0.00,0.00,0.02,2025-07-11T16:31:45.185536
0.000000,0.000000,0.00,0.00,0.02,2025-07-11T16:31:45.687072
0.000000,0.000000,0.00,0.00,0.02,2025-07-11T16:31:46.208327
0.000000,0.000000,0.00,0.00,0.01,2025-07-11T16:31:46.689991
0.000000,0.000000,0.00,0.00,0.01,2025-07-11T16:31:47.198026
0.000000,0.000000,0.00,0.00,0.02,2025-07-11T16:31:47.707184
0.000000,0.000000,0.00,0.00,0.02,2025-07-11T16:31:48.218415
0.000000,0.000000,0.00,0.00,0.01,2025-07-11T16:31:48.747907
0.000000,0.000000,0.00,0.00,0.02,2025-07-11T16:31:49.239257
0.000000,0.000000,0.00,0.00,0.02,2025-07-11T16:31:49.757657
0.000000,0.000000,0.00,0.00,0.01,2025-07-11T16:31:50.189445
0.000000,0.000000,0.00,0.00,0.01,2025-07-11T16:31:50.699240
0.000000,0.000000,0.00,0.00,0.02,2025-07-11T16:31:51.203021
0.000000,0.000000,0.00,0.00,0.01,2025-07-11T16:31:51.707108
0.000000,0.000000,0.00,0.00,0.01,2025-07-11T16:31:52.213839
0.000000,0.000000,0.00,0.00,0.01,2025-07-11T16:31:52.726555
0.000000,0.000000,0.00,0.00,0.02,2025-07-11T16:31:53.239190
0.000000,0.000000,0.00,0.00,0.01,2025-07-11T16:31:53.846942
0.000000,0.000000,0.00,0.00,0.02,2025-07-11T16:31:54.263484
0.000000,0.000000,0.00,0.00,0.01,2025-07-11T16:31:54.713150
0.000000,0.000000,0.00,0.00,0.02,2025-07-11T16:31:55.213005
0.000000,0.000000,0.00,0.00,0.02,2025-07-11T16:31:55.713668
0.000000,0.000000,0.00,0.00,0.04,2025-07-11T16:31:56.217205
0.000000,0.000000,0.00,0.00,0.01,2025-07-11T16:31:56.721114
0.000000,0.000000,0.00,0.00,0.15,2025-07-11T16:31:57.238418
0.000000,0.000000,0.00,0.00,0.05,2025-07-11T16:31:57.744773
0.000000,0.000000,0.00,0.00,0.01,2025-07-11T16:31:58.243928
0.000000,0.000000,0.00,0.00,0.02,2025-07-11T16:31:58.767396
0.000000,0.000000,0.00,0.00,0.01,2025-07-11T16:31:59.298202
0.000000,0.000000,0.00,0.00,0.07,2025-07-11T16:31:59.733321
0.000000,0.000000,0.00,0.00,0.01,2025-07-11T16:32:00.234224
0.000000,0.000000,0.00,0.00,0.01,2025-07-11T16:32:00.716403
0.000000,0.000000,0.00,0.00,0.02,2025-07-11T16:32:01.231915
0.000000,0.000000,0.00,0.00,0.01,2025-07-11T16:32:01.739318
0.000000,0.000000,0.00,0.00,0.01,2025-07-11T16:32:02.247250
0.000000,0.000000,0.00,0.00,0.03,2025-07-11T16:32:02.747734
0.000000,0.000000,0.00,0.00,0.01,2025-07-11T16:32:03.259463
0.000000,0.000000,0.00,0.00,0.01,2025-07-11T16:32:03.781941
0.000000,0.000000,0.00,0.00,0.02,2025-07-11T16:32:04.295250
0.000000,0.000000,0.00,0.00,0.01,2025-07-11T16:32:04.750508
0.000000,0.000000,0.00,0.00,0.01,2025-07-11T16:32:05.237490
0.000000,0.000000,0.00,0.00,0.02,2025-07-11T16:32:05.740174
0.000000,0.000000,0.00,0.00,0.02,2025-07-11T16:32:06.243507
0.000000,0.000000,0.00,0.00,0.02,2025-07-11T16:32:06.761244
0.000000,0.000000,0.00,0.00,0.02,2025-07-11T16:32:07.273120
0.000000,0.000000,0.00,0.00,0.01,2025-07-11T16:32:07.798770
0.000000,0.000000,0.00,0.00,0.01,2025-07-11T16:32:08.286339
0.000000,0.000000,0.00,0.00,0.02,2025-07-11T16:32:08.807952
0.000000,0.000000,0.00,0.00,0.02,2025-07-11T16:32:09.252516
0.000000,0.000000,0.00,0.00,0.01,2025-07-11T16:32:09.744954
0.000000,0.000000,0.00,0.00,0.02,2025-07-11T16:32:10.252438
0.000000,0.000000,0.00,0.00,0.01,2025-07-11T16:32:10.758678
0.000000,0.000000,0.00,0.00,0.02,2025-07-11T16:32:11.274164
0.000000,0.000000,0.00,0.00,0.04,2025-07-11T16:32:11.769450
0.000000,0.000000,0.00,0.00,0.02,2025-07-11T16:32:12.286362
0.000000,0.000000,0.00,0.00,0.03,2025-07-11T16:32:12.802956
0.000000,0.000000,0.00,0.00,0.03,2025-07-11T16:32:13.303417
0.000000,0.000000,0.00,0.00,0.01,2025-07-11T16:32:13.832597
0.000000,0.000000,0.00,0.00,0.01,2025-07-11T16:32:14.264328
0.000000,0.000000,0.00,0.00,0.01,2025-07-11T16:32:14.768301
0.000000,0.000000,0.00,0.00,0.01,2025-07-11T16:32:15.267857
0.000000,0.000000,0.00,0.00,0.02,2025-07-11T16:32:15.777435
0.000000,0.000000,0.00,0.00,0.01,2025-07-11T16:32:16.287995
0.000000,0.000000,0.00,0.00,0.01,2025-07-11T16:32:16.793093
0.000000,0.000000,0.00,0.00,0.02,2025-07-11T16:32:17.303512
0.000000,0.000000,0.00,0.00,0.01,2025-07-11T16:32:17.819667
0.000000,0.000000,0.00,0.00,0.01,2025-07-11T16:32:18.327165
0.000000,0.000000,0.00,0.00,0.02,2025-07-11T16:32:18.835260
0.000000,0.000000,0.00,0.00,0.03,2025-07-11T16:32:19.281369
0.000000,0.000000,0.00,0.00,0.01,2025-07-11T16:32:19.781200
0.000000,0.000000,0.00,0.00,0.02,2025-07-11T16:32:20.283102
0.000000,0.000000,0.00,0.00,0.01,2025-07-11T16:32:20.784724
0.000000,0.000000,0.00,0.00,0.01,2025-07-11T16:32:21.296928
0.000000,0.000000,0.00,0.00,0.02,2025-07-11T16:32:21.809369
0.000000,0.000000,0.00,0.00,0.02,2025-07-11T16:32:22.325488
0.000000,0.000000,0.00,0.00,0.01,2025-07-11T16:32:22.831930
0.000000,0.000000,0.00,0.00,0.01,2025-07-11T16:32:23.349930
0.000000,0.000000,0.00,0.00,0.02,2025-07-11T16:32:23.796928
0.000000,0.000000,0.00,0.00,0.01,2025-07-11T16:32:24.295080
0.000000,0.000000,0.00,0.00,0.01,2025-07-11T16:32:24.796350
0.000000,0.000000,0.00,0.00,0.02,2025-07-11T16:32:25.298294
0.000000,0.000000,0.00,0.00,0.01,2025-07-11T16:32:25.808413
0.000000,0.000000,0.00,0.00,0.02,2025-07-11T16:32:26.308736
0.000000,0.000000,0.00,0.00,0.01,2025-07-11T16:32:26.825268
0.000000,0.000000,0.00,0.00,0.01,2025-07-11T16:32:27.342622
0.000000,0.000000,0.00,0.00,0.01,2025-07-11T16:32:27.849421
0.000000,0.000000,0.00,0.00,0.02,2025-07-11T16:32:28.358998
0.000000,0.000000,0.00,0.00,0.01,2025-07-11T16:32:28.811305
0.000000,0.000000,0.00,0.00,0.01,2025-07-11T16:32:29.299519
0.000000,0.000000,0.00,0.00,0.02,2025-07-11T16:32:29.814611
0.000000,0.000000,0.00,0.00,0.01,2025-07-11T16:32:30.302126
0.000000,0.000000,0.00,0.00,0.01,2025-07-11T16:32:30.819909
0.000000,0.000000,0.00,0.00,0.02,2025-07-11T16:32:31.328369
0.000000,0.000000,0.00,0.00,0.02,2025-07-11T16:50:53.466814
0.000000,0.000000,0.00,0.00,0.02,2025-07-11T16:50:54.486176
0.000000,0.000000,0.00,0.00,0.03,2025-07-11T16:50:55.439117
0.000000,0.000000,0.00,0.00,0.02,2025-07-11T16:50:56.440967
0.000000,0.000000,0.00,0.00,0.01,2025-07-11T16:50:57.452235
0.000000,0.000000,0.00,0.00,0.01,2025-07-11T16:50:58.478387
0.000000,0.000000,0.00,0.00,0.01,2025-07-11T16:50:59.499498
0.000000,0.000000,0.00,0.00,0.03,2025-07-11T16:51:00.446191
0.000000,0.000000,0.00,0.00,0.01,2025-07-11T16:51:01.448521
0.000000,0.000000,0.00,0.00,0.02,2025-07-11T16:51:02.468302
0.000000,0.000000,0.00,0.00,0.00,2025-07-11T16:51:03.490487
0.000000,0.000000,0.00,0.00,0.03,2025-07-11T16:51:04.451046
0.000000,0.000000,0.00,0.00,0.07,2025-07-11T16:51:05.454722
0.000000,0.000000,0.00,0.00,0.02,2025-07-11T16:51:06.466185
0.000000,0.000000,0.00,0.00,0.02,2025-07-11T16:51:07.505564
0.000000,0.000000,0.00,0.00,0.03,2025-07-11T16:51:08.514711
0.000000,0.000000,0.00,0.00,0.03,2025-07-11T16:51:09.457647
0.000000,0.000000,0.00,0.00,0.03,2025-07-11T16:51:10.459932
0.000000,0.000000,0.00,0.00,0.03,2025-07-11T16:51:11.481968
0.000000,0.000000,0.00,0.00,0.04,2025-07-11T16:51:12.514696
0.000000,0.000000,0.00,0.00,0.04,2025-07-11T16:51:13.467792
0.000000,0.000000,0.00,0.00,0.03,2025-07-11T16:51:14.467914
0.000000,0.000000,0.00,0.00,0.05,2025-07-11T16:51:15.477495
0.000000,0.000000,0.00,0.00,0.04,2025-07-11T16:51:16.504665
0.000000,0.000000,0.00,0.00,0.04,2025-07-11T16:51:17.521052
0.000000,0.000000,0.00,0.00,0.04,2025-07-11T16:51:18.474114
0.000000,0.000000,0.00,0.00,0.05,2025-07-11T16:51:19.476936
0.000000,0.000000,0.00,0.00,0.07,2025-07-11T16:51:20.494698
0.000000,0.000000,0.00,0.00,0.04,2025-07-11T16:51:21.512972
0.000000,0.000000,0.00,0.00,0.04,2025-07-11T16:51:22.477627
0.000000,0.000000,0.00,0.00,0.06,2025-07-11T16:51:23.482574
0.000000,0.000000,0.00,0.00,0.04,2025-07-11T16:51:24.494675
0.000000,0.000000,0.00,0.00,0.05,2025-07-11T16:51:25.511572
0.000000,0.000000,0.00,0.00,0.04,2025-07-11T16:51:26.528763
0.000000,0.000000,0.00,0.00,0.13,2025-07-11T16:51:27.484559
0.000000,0.000000,0.00,0.00,0.04,2025-07-11T16:51:28.487925
0.000000,0.000000,0.00,0.00,0.03,2025-07-11T16:51:29.506206
0.000000,0.000000,0.00,0.00,0.03,2025-07-11T16:51:30.529304
0.000000,0.000000,0.00,0.00,0.03,2025-07-11T16:51:31.490327
0.000000,0.000000,0.00,0.00,0.03,2025-07-11T16:51:32.492572
0.000000,0.000000,0.00,0.00,0.09,2025-07-11T16:51:33.499621
0.000000,0.000000,0.00,0.00,0.07,2025-07-11T16:51:34.518954
0.000000,0.000000,0.00,0.00,0.02,2025-07-11T16:51:35.544312
0.000000,0.000000,0.00,0.00,0.05,2025-07-11T16:51:36.499235
0.000000,0.000000,0.00,0.00,0.02,2025-07-11T16:51:37.501781
0.000000,0.000000,0.00,0.00,0.03,2025-07-11T16:51:38.517625
0.000000,0.000000,0.00,0.00,0.02,2025-07-11T16:51:39.543055
0.000000,0.000000,0.00,0.00,0.05,2025-07-11T16:51:40.559709
0.000000,0.000000,0.00,0.00,0.07,2025-07-11T16:51:41.505770
0.000000,0.000000,0.00,0.00,0.03,2025-07-11T16:51:42.510902
0.000000,0.000000,0.00,0.00,0.05,2025-07-11T16:51:43.535001
0.000000,0.000000,0.00,0.00,0.07,2025-07-11T16:51:44.559458
0.000000,0.000000,0.00,0.00,0.06,2025-07-11T16:51:45.511867
0.000000,0.000000,0.00,0.00,0.07,2025-07-11T16:51:46.514430
0.000000,0.000000,0.00,0.00,0.08,2025-07-11T16:51:47.528775
0.000000,0.000000,0.00,0.00,0.01,2025-07-11T16:51:48.550701
0.000000,0.000000,0.00,0.00,0.06,2025-07-11T16:51:49.576574
0.000000,0.000000,0.00,0.00,0.08,2025-07-11T16:51:50.517960
0.000000,0.000000,0.00,0.00,0.07,2025-07-11T16:51:51.522167
0.000000,0.000000,0.00,0.00,0.08,2025-07-11T16:51:52.549308
0.000000,0.000000,0.00,0.00,0.07,2025-07-11T16:51:53.566201
0.000000,0.000000,0.00,0.00,0.09,2025-07-11T16:51:54.523082
0.000000,0.000000,0.00,0.00,0.11,2025-07-11T16:51:55.531620
0.000000,0.000000,0.00,0.00,0.10,2025-07-11T16:51:56.540920
0.000000,0.000000,0.00,0.00,0.10,2025-07-11T16:51:57.563324
0.000000,0.000000,0.00,0.00,0.11,2025-07-11T16:51:58.583188
0.000000,0.000000,0.00,0.00,0.11,2025-07-11T16:51:59.530697
0.000000,0.000000,0.00,0.00,0.12,2025-07-11T16:52:00.533896
0.000000,0.000000,0.00,0.00,0.12,2025-07-11T16:52:01.556983
0.000000,0.000000,0.00,0.00,0.10,2025-07-11T16:52:02.573212
0.000000,0.000000,0.00,0.00,0.06,2025-07-11T16:52:03.535730
0.000000,0.000000,0.00,0.00,0.04,2025-07-11T16:52:04.537723
0.000000,0.000000,0.00,0.00,0.04,2025-07-11T16:52:05.550636
0.000000,0.000000,0.00,0.00,0.04,2025-07-11T16:52:06.568076
0.000000,0.000000,0.00,0.00,0.04,2025-07-11T16:52:07.597830
0.000000,0.000000,0.00,0.00,0.04,2025-07-11T16:52:08.546321
0.000000,0.000000,0.00,0.00,0.03,2025-07-11T16:52:09.547074
0.000000,0.000000,0.00,0.00,0.04,2025-07-11T16:52:10.563790
0.000000,0.000000,0.00,0.00,0.03,2025-07-11T16:52:11.588906
0.000000,0.000000,0.00,0.00,0.03,2025-07-11T16:52:12.550234
0.000000,0.000000,0.00,0.00,0.03,2025-07-11T16:52:13.552530
0.000000,0.000000,0.00,0.00,0.03,2025-07-11T16:52:14.562001
0.000000,0.000000,0.00,0.00,0.03,2025-07-11T16:52:15.580051
0.000000,0.000000,0.00,0.00,0.03,2025-07-11T16:52:16.604316
0.000000,0.000000,0.00,0.00,0.03,2025-07-11T16:52:17.557821
0.000000,0.000000,0.00,0.00,0.03,2025-07-11T16:52:18.562180
0.000000,0.000000,0.00,0.00,0.03,2025-07-11T16:52:19.579769
0.000000,0.000000,0.00,0.00,0.03,2025-07-11T16:52:20.604188
0.000000,0.000000,0.00,0.00,0.03,2025-07-11T16:52:21.562696
0.000000,0.000000,0.00,0.00,0.03,2025-07-11T16:52:22.565072
0.000000,0.000000,0.00,0.00,0.03,2025-07-11T16:52:23.573609
0.000000,0.000000,0.00,0.00,0.04,2025-07-11T16:52:24.594711
0.000000,0.000000,0.00,0.00,0.03,2025-07-11T16:52:25.621604
0.000000,0.000000,0.00,0.00,0.02,2025-07-11T16:52:26.569392
0.000000,0.000000,0.00,0.00,0.03,2025-07-11T16:52:27.572771
0.000000,0.000000,0.00,0.00,0.02,2025-07-11T16:52:28.588194
0.000000,0.000000,0.00,0.00,0.03,2025-07-11T16:52:29.613846
0.000000,0.000000,0.00,0.00,0.03,2025-07-11T16:52:30.575064
0.000000,0.000000,0.00,0.00,0.03,2025-07-11T16:52:31.576326
0.000000,0.000000,0.00,0.00,0.03,2025-07-11T16:52:32.582692
0.000000,0.000000,0.00,0.00,0.03,2025-07-11T16:52:33.603731
0.000000,0.000000,0.00,0.00,0.05,2025-07-11T16:52:34.632067
0.000000,0.000000,0.00,0.00,0.14,2025-07-11T16:52:35.584696
0.000000,0.000000,0.00,0.00,0.16,2025-07-11T16:52:36.584540
0.000000,0.000000,0.00,0.00,0.07,2025-07-11T16:52:37.594598
0.000000,0.000000,0.00,0.00,0.05,2025-07-11T16:52:38.626283
0.000000,0.000000,0.00,0.00,0.05,2025-07-11T16:52:39.585840
0.000000,0.000000,0.00,0.00,0.04,2025-07-11T16:52:40.589115
0.000000,0.000000,0.00,0.00,0.04,2025-07-11T16:52:41.595763
0.000000,0.000000,0.00,0.00,0.04,2025-07-11T16:52:42.617597
0.000000,0.000000,0.00,0.00,0.04,2025-07-11T16:52:43.641449
0.000000,0.000000,0.00,0.00,0.04,2025-07-11T16:52:44.594122
0.000000,0.000000,0.00,0.00,0.04,2025-07-11T16:52:45.606854
0.000000,0.000000,0.00,0.00,0.03,2025-07-11T16:52:46.616201
0.000000,0.000000,0.00,0.00,0.04,2025-07-11T16:52:47.635043
0.000000,0.000000,0.00,0.00,0.05,2025-07-11T16:52:48.660977
0.000000,0.000000,0.00,0.00,0.04,2025-07-11T16:52:49.602560
0.000000,0.000000,0.00,0.00,0.04,2025-07-11T16:52:50.607499
0.000000,0.000000,0.00,0.00,0.04,2025-07-11T16:52:51.631306
0.000000,0.000000,0.00,0.00,0.03,2025-07-11T16:52:52.654925
0.000000,0.000000,0.00,0.00,0.04,2025-07-11T16:52:53.608071
0.000000,0.000000,0.00,0.00,0.04,2025-07-11T16:52:54.612407
0.000000,0.000000,0.00,0.00,0.04,2025-07-11T16:52:55.619148
0.000000,0.000000,0.00,0.00,0.04,2025-07-11T16:52:56.648611
0.000000,0.000000,0.00,0.00,0.04,2025-07-11T16:52:57.671754
0.000000,0.000000,0.00,0.00,0.04,2025-07-11T16:52:58.621635
0.000000,0.000000,0.00,0.00,0.03,2025-07-11T16:52:59.620132
0.000000,0.000000,0.00,0.00,0.04,2025-07-11T16:53:00.642143
0.000000,0.000000,0.00,0.00,0.03,2025-07-11T16:53:01.675130
0.000000,0.000000,0.00,0.00,0.04,2025-07-11T16:53:02.630454
0.000000,0.000000,0.00,0.00,0.04,2025-07-11T16:53:03.623892
0.000000,0.000000,0.00,0.00,0.04,2025-07-11T16:53:04.636062
0.000000,0.000000,0.00,0.00,0.03,2025-07-11T16:53:05.671999
0.000000,0.000000,0.00,0.00,0.04,2025-07-11T16:53:06.683384
0.000000,0.000000,0.00,0.00,0.05,2025-07-11T16:53:07.627581
0.000000,0.000000,0.00,0.00,0.04,2025-07-11T16:53:08.631050
0.000000,0.000000,0.00,0.00,0.04,2025-07-11T16:53:09.649925
0.000000,0.000000,0.00,0.00,0.04,2025-07-11T16:53:10.666123
0.000000,0.000000,0.00,0.00,0.04,2025-07-11T16:53:11.635743
0.000000,0.000000,0.00,0.00,0.03,2025-07-11T16:53:12.639038
0.000000,0.000000,0.00,0.00,0.04,2025-07-11T16:53:13.647562
0.000000,0.000000,0.00,0.00,0.01,2025-07-11T16:53:38.330056
0.000000,0.000000,0.00,0.00,0.01,2025-07-11T16:53:39.356539
0.000000,0.000000,0.00,0.00,0.03,2025-07-11T16:53:40.297186
0.000000,0.000000,0.00,0.00,0.02,2025-07-11T16:53:41.302917
0.000000,0.000000,0.00,0.00,0.04,2025-07-11T16:53:42.319419
0.000000,0.000000,0.00,0.00,0.01,2025-07-11T16:53:43.342579
0.000000,0.000000,0.00,0.00,0.01,2025-07-11T16:53:44.367390
0.000000,0.000000,0.00,0.00,0.02,2025-07-11T16:53:45.321724
0.000000,0.000000,0.00,0.00,0.02,2025-07-11T16:53:46.325426
0.000000,0.000000,0.00,0.00,0.02,2025-07-11T16:53:47.336467
0.000000,0.000000,0.00,0.00,0.02,2025-07-11T16:53:48.372132
0.000000,0.000000,0.00,0.00,0.03,2025-07-11T16:53:49.384302
0.000000,0.000000,0.00,0.00,0.10,2025-07-11T16:53:50.340016
0.000000,0.000000,0.00,0.00,0.05,2025-07-11T16:53:51.354464
0.000000,0.000000,0.00,0.00,0.01,2025-07-11T16:53:52.354349
0.000000,0.000000,0.00,0.00,0.03,2025-07-11T16:53:53.377765
0.000000,0.000000,0.00,0.00,0.04,2025-07-11T16:53:54.401769
0.000000,0.000000,0.00,0.00,0.03,2025-07-11T16:53:55.426751
0.000000,0.000000,0.00,0.00,0.03,2025-07-11T16:53:56.379836
0.000000,0.000000,0.00,0.00,0.01,2025-07-11T16:53:57.377761
0.000000,0.000000,0.00,0.00,0.01,2025-07-11T16:53:58.395640
0.000000,0.000000,0.00,0.00,0.01,2025-07-11T16:53:59.419497
0.000000,0.000000,0.00,0.00,0.13,2025-07-11T16:54:00.443533
0.000000,0.000000,0.00,0.00,0.02,2025-07-11T16:54:01.395046
0.000000,0.000000,0.00,0.00,0.04,2025-07-11T16:54:02.397223
0.000000,0.000000,0.00,0.00,0.01,2025-07-11T16:54:03.412596
0.000000,0.000000,0.00,0.00,0.01,2025-07-11T16:54:04.437900
0.000000,0.000000,0.00,0.00,0.03,2025-07-11T16:54:05.471492
0.000000,0.000000,0.00,0.00,0.02,2025-07-11T16:54:06.414622
0.000000,0.000000,0.00,0.00,0.02,2025-07-11T16:54:07.421956
0.000000,0.000000,0.00,0.00,0.01,2025-07-11T16:54:08.430755
0.000000,0.000000,0.00,0.00,0.02,2025-07-11T16:54:09.456728
0.000000,0.000000,0.00,0.00,0.02,2025-07-11T16:54:10.478674
0.000000,0.000000,0.00,0.00,0.02,2025-07-11T16:54:11.438940
0.000000,0.000000,0.00,0.00,0.02,2025-07-11T16:54:12.441077
0.000000,0.000000,0.00,0.00,0.02,2025-07-11T16:54:13.451964
0.000000,0.000000,0.00,0.00,0.01,2025-07-11T16:54:14.472376
0.000000,0.000000,0.00,0.00,0.02,2025-07-11T16:54:15.496485
0.000000,0.000000,0.00,0.00,0.02,2025-07-11T16:54:16.457946
0.000000,0.000000,0.00,0.00,0.02,2025-07-11T16:54:17.467042
0.000000,0.000000,0.00,0.00,0.02,2025-07-11T16:54:18.472145
0.000000,0.000000,0.00,0.00,0.02,2025-07-11T16:54:19.490155
0.000000,0.000000,0.00,0.00,0.03,2025-07-11T16:54:20.522517
0.000000,0.000000,0.00,0.00,0.03,2025-07-11T16:54:21.537239
0.000000,0.000000,0.00,0.00,0.04,2025-07-11T16:54:22.487270
0.000000,0.000000,0.00,0.00,0.02,2025-07-11T16:54:23.494423
0.000000,0.000000,0.00,0.00,0.02,2025-07-11T16:54:24.507551
0.000000,0.000000,0.00,0.00,0.02,2025-07-11T16:54:25.531424
0.000000,0.000000,0.00,0.00,0.03,2025-07-11T16:54:26.555991
0.000000,0.000000,0.00,0.00,0.03,2025-07-11T16:54:27.513954
0.000000,0.000000,0.00,0.00,0.01,2025-07-11T16:54:28.513932
0.000000,0.000000,0.00,0.00,0.03,2025-07-11T16:54:29.531725
0.000000,0.000000,0.00,0.00,0.01,2025-07-11T16:54:30.549004
0.000000,0.000000,0.00,0.00,0.02,2025-07-11T16:54:31.571975
0.000000,0.000000,0.00,0.00,0.03,2025-07-11T16:54:32.536529
0.000000,0.000000,0.00,0.00,0.02,2025-07-11T16:54:33.538963
0.000000,0.000000,0.00,0.00,0.02,2025-07-11T16:54:34.542950
0.000000,0.000000,0.00,0.00,0.03,2025-07-11T16:54:35.566914
0.000000,0.000000,0.00,0.00,0.02,2025-07-11T16:54:36.590574
0.000000,0.000000,0.00,0.00,0.02,2025-07-11T16:54:37.616041
0.000000,0.000000,0.00,0.00,0.02,2025-07-11T16:54:38.565849
0.000000,0.000000,0.00,0.00,0.03,2025-07-11T16:54:39.566584
0.000000,0.000000,0.00,0.00,0.03,2025-07-11T16:54:40.585665
0.000000,0.000000,0.00,0.00,0.25,2025-07-11T16:54:41.609013
0.000000,0.000000,0.00,0.00,0.02,2025-07-11T16:54:42.632010
0.000000,0.000000,0.00,0.00,0.03,2025-07-11T16:54:43.583952
0.000000,0.000000,0.00,0.00,0.04,2025-07-11T16:54:44.587079
0.000000,0.000000,0.00,0.00,0.03,2025-07-11T16:54:45.608226
0.000000,0.000000,0.00,0.00,0.05,2025-07-11T16:54:46.626155
0.000000,0.000000,0.00,0.00,0.07,2025-07-11T16:54:47.648824
0.000000,0.000000,0.00,0.00,0.06,2025-07-11T16:54:48.605225
0.000000,0.000000,0.00,0.00,0.05,2025-07-11T16:54:49.611574
0.000000,0.000000,0.00,0.00,0.03,2025-07-11T16:54:50.619471
0.000000,0.000000,0.00,0.00,0.03,2025-07-11T16:54:51.643420
0.000000,0.000000,0.00,0.00,0.05,2025-07-11T16:54:52.667433
0.000000,0.000000,0.00,0.00,0.08,2025-07-11T16:54:53.691546
0.000000,0.000000,0.00,0.00,0.07,2025-07-11T16:54:54.632788
0.000000,0.000000,0.00,0.00,0.06,2025-07-11T16:54:55.642961
0.000000,0.000000,0.00,0.00,0.09,2025-07-11T16:54:56.662616
0.000000,0.000000,0.00,0.00,0.01,2025-07-11T16:54:57.684955
0.000000,0.000000,0.00,0.00,0.01,2025-07-11T16:54:58.709456
0.000000,0.000000,0.00,0.00,0.00,2025-07-11T16:54:59.659602
0.000000,0.000000,0.00,0.00,0.01,2025-07-11T16:55:00.689710
0.000000,0.000000,0.00,0.00,0.01,2025-07-11T16:55:01.678026
0.000000,0.000000,0.00,0.00,0.00,2025-07-11T16:55:02.702458
0.000000,0.000000,0.00,0.00,0.01,2025-07-11T16:55:03.729217
0.000000,0.000000,0.00,0.00,0.01,2025-07-11T16:55:04.679377
0.000000,0.000000,0.00,0.00,0.01,2025-07-11T16:55:05.687583
0.000000,0.000000,0.00,0.00,0.02,2025-07-11T16:55:06.696984
0.000000,0.000000,0.00,0.00,0.01,2025-07-11T16:55:07.720468
0.000000,0.000000,0.00,0.00,0.02,2025-07-11T16:55:08.744379
0.000000,0.000000,0.00,0.00,0.01,2025-07-11T16:55:09.767483
0.000000,0.000000,0.00,0.00,0.01,2025-07-11T16:55:10.706857
0.000000,0.000000,0.00,0.00,0.01,2025-07-11T16:55:11.715511
0.000000,0.000000,0.00,0.00,0.01,2025-07-11T16:55:12.738142
0.000000,0.000000,0.00,0.00,0.02,2025-07-11T16:55:13.762396
0.000000,0.000000,0.00,0.00,0.02,2025-07-11T16:55:14.786747
0.000000,0.000000,0.00,0.00,0.04,2025-07-11T16:55:15.739181
0.000000,0.000000,0.00,0.00,0.02,2025-07-11T16:55:16.746621
0.000000,0.000000,0.00,0.00,0.03,2025-07-11T16:55:17.754005
0.000000,0.000000,0.00,0.00,0.02,2025-07-11T16:55:18.779009
0.000000,0.000000,0.00,0.00,0.02,2025-07-11T16:55:19.810722
0.000000,0.000000,0.00,0.00,0.02,2025-07-11T16:55:20.765310
0.000000,0.000000,0.00,0.00,0.02,2025-07-11T16:55:21.766922
0.000000,0.000000,0.00,0.00,0.02,2025-07-11T16:55:22.774027
0.000000,0.000000,0.00,0.00,0.02,2025-07-11T16:55:23.797926
